Timestamp,RequestName,ResponseSize(Bytes)
2025-08-19T12:07:59.559513Z,"Login",1
2025-08-19T12:07:59.563585Z,"Login",1
2025-08-19T12:07:59.563681Z,"Login",1
2025-08-19T12:08:00.803403Z,"Get locations",40
2025-08-19T12:08:00.803498Z,"Get locations",40
2025-08-19T12:08:00.803646Z,"Get locations",40
2025-08-19T12:08:05.841611Z,"Select Location",1
2025-08-19T12:08:05.841781Z,"Select Location",1
2025-08-19T12:08:05.841836Z,"Select Location",1
2025-08-19T12:08:05.862550Z,"Get Address Template",1
2025-08-19T12:08:05.862654Z,"Get Address Template",1
2025-08-19T12:08:05.862760Z,"Get Address Template",1
2025-08-19T12:08:05.892898Z,"Get Relationship Types",5
2025-08-19T12:08:05.893Z,"Get Relationship Types",5
2025-08-19T12:08:05.893061Z,"Get Relationship Types",5
2025-08-19T12:08:05.937531Z,"Get Appointments for Specific Date",2
2025-08-19T12:08:05.937625Z,"Get Appointments for Specific Date",2
2025-08-19T12:08:05.938167Z,"Get Appointments for Specific Date",2
2025-08-19T12:08:05.951429Z,"Get Module Information",1
2025-08-19T12:08:05.951521Z,"Get Module Information",1
2025-08-19T12:08:05.951619Z,"Get Module Information",1
2025-08-19T12:08:05.968970Z,"Get Patient Identifier Types",0
2025-08-19T12:08:05.969068Z,"Get Patient Identifier Types",0
2025-08-19T12:08:05.969166Z,"Get Patient Identifier Types",0
2025-08-19T12:08:05.991355Z,"Get Primary Identifier Term Mapping",1
2025-08-19T12:08:05.992481Z,"Get Primary Identifier Term Mapping",1
2025-08-19T12:08:05.992720Z,"Get Primary Identifier Term Mapping",1
2025-08-19T12:08:06.018877Z,"Get Identifier Source",1
2025-08-19T12:08:06.019028Z,"Get Identifier Source",1
2025-08-19T12:08:06.019075Z,"Get Identifier Source",1
2025-08-19T12:08:06.034593Z,"Get Locations by Tag and Query",0
2025-08-19T12:08:06.034754Z,"Get Locations by Tag and Query",0
2025-08-19T12:08:06.034819Z,"Get Locations by Tag and Query",0
2025-08-19T12:08:06.052481Z,"Get Visits",0
2025-08-19T12:08:06.052579Z,"Get Visits",0
2025-08-19T12:08:06.052620Z,"Get Visits",0
2025-08-19T12:08:06.076071Z,"Get Auto Generation Options",2
2025-08-19T12:08:06.076327Z,"Get Auto Generation Options",2
2025-08-19T12:08:06.077713Z,"Get Auto Generation Options",2
2025-08-19T12:08:06.089681Z,"Get Identifier Source",0
2025-08-19T12:08:06.089809Z,"Get Identifier Source",0
2025-08-19T12:08:06.089851Z,"Get Identifier Source",0
2025-08-19T12:08:06.106800Z,"Get Queue Entry",0
2025-08-19T12:08:06.110467Z,"Get Queue Entry",0
2025-08-19T12:08:06.110542Z,"Get Queue Entry",0
2025-08-19T12:08:09.122308Z,"Get Visit Types",1
2025-08-19T12:08:09.536637Z,"Get Current Visit of Patient",940
2025-08-19T12:08:09.681154Z,"Get Visits of Patient",148
2025-08-19T12:08:09.689160Z,"Get Program Enrollments of Patient",0
2025-08-19T12:08:09.699165Z,"Get Visit Queue Entry",0
2025-08-19T12:08:09.727490Z,"Get Appointments of a Patient",0
2025-08-19T12:08:11.168382Z,"Get Patient Summary Data",1
2025-08-19T12:08:11.168702Z,"Get Patient Summary Data",1
2025-08-19T12:08:11.189659Z,"Get Active Visits of Patient",0
2025-08-19T12:08:11.189736Z,"Get Active Visits of Patient",0
2025-08-19T12:08:11.198615Z,"Get Primary Identifier Term Mapping",0
2025-08-19T12:08:11.198827Z,"Get Primary Identifier Term Mapping",0
2025-08-19T12:08:11.209652Z,"Get isVisitsEnabled",0
2025-08-19T12:08:11.209725Z,"Get isVisitsEnabled",0
2025-08-19T12:08:11.215863Z,"Get the status of patient death",0
2025-08-19T12:08:11.216034Z,"Get the status of patient death",0
2025-08-19T12:08:11.223564Z,"Get all the constraints on the vital concepts",2
2025-08-19T12:08:11.223638Z,"Get all the constraints on the vital concepts",2
2025-08-19T12:08:11.355987Z,"Get Patient Observations",163
2025-08-19T12:08:11.357019Z,"Get Patient Observations",163
2025-08-19T12:08:11.470531Z,"Get Patient Observations",137
2025-08-19T12:08:11.474018Z,"Get Patient Observations",137
2025-08-19T12:08:11.507928Z,"Get Patient Observations",33
2025-08-19T12:08:11.510165Z,"Get Patient Observations",33
2025-08-19T12:08:11.520230Z,"Get Visit Queue Entry",0
2025-08-19T12:08:11.520857Z,"Get Visit Queue Entry",0
2025-08-19T12:08:11.571144Z,"Get Patient Conditions",23
2025-08-19T12:08:11.584500Z,"Get Patient Conditions",32
2025-08-19T12:08:11.585973Z,"Get Active Orders",0
2025-08-19T12:08:11.594624Z,"Get Active Orders",0
2025-08-19T12:08:14.790384Z,"Submit Visit Form",1
2025-08-19T12:08:15.012646Z,"Get Current Visit of Patient",736
2025-08-19T12:08:15.128530Z,"Get Visits of Patient",133
2025-08-19T12:08:16.599080Z,"Get Visit Types",1
2025-08-19T12:08:16.602894Z,"Get Visit Types",1
2025-08-19T12:08:16.854041Z,"Get Current Visit of Patient",828
2025-08-19T12:08:16.968995Z,"Get Visits of Patient",135
2025-08-19T12:08:16.980588Z,"Get Program Enrollments of Patient",4
2025-08-19T12:08:16.987915Z,"Get Visit Queue Entry",0
2025-08-19T12:08:16.991838Z,"Get Appointments of a Patient",0
2025-08-19T12:08:17.047631Z,"Get Current Visit of Patient",1568
2025-08-19T12:08:17.167131Z,"Get Visits of Patient",184
2025-08-19T12:08:17.172939Z,"Get Program Enrollments of Patient",0
2025-08-19T12:08:17.179940Z,"Get Visit Queue Entry",0
2025-08-19T12:08:17.183617Z,"Get Appointments of a Patient",0
2025-08-19T12:08:18.139521Z,"Get Order Types",0
2025-08-19T12:08:18.157101Z,"Get Active Orders",7
2025-08-19T12:08:22.015207Z,"Submit Visit Form",1
2025-08-19T12:08:22.147532Z,"Get Current Visit of Patient",471
2025-08-19T12:08:22.195193Z,"Submit Visit Form",1
2025-08-19T12:08:22.211301Z,"Get Visits of Patient",99
2025-08-19T12:08:22.486763Z,"Get Current Visit of Patient",1455
2025-08-19T12:08:22.592625Z,"Get Visits of Patient",164
2025-08-19T12:08:23.182509Z,"Get Active Visits of Patient",0
2025-08-19T12:08:23.191155Z,"Search for Drug",0
2025-08-19T12:08:23.196858Z,"Search for Drug",0
2025-08-19T12:08:23.280548Z,"Save Drug Order",1
2025-08-19T12:08:27.235255Z,"Get Active Visits of Patient",0
2025-08-19T12:08:27.250322Z,"Get Specific Visit Details",0
2025-08-19T12:08:27.255735Z,"Get the details of a orderType",0
2025-08-19T12:08:27.269695Z,"Get all Lab order details",28
2025-08-19T12:08:27.273281Z,"Get Module Information",0
2025-08-19T12:08:27.296283Z,"Add a lab order",1
2025-08-19T12:08:27.623452Z,"Get Active Visits of Patient",0
2025-08-19T12:08:27.636586Z,"Get Specific Visit Details",0
2025-08-19T12:08:27.665419Z,"Get All Form Encounters",13
2025-08-19T12:08:27.679070Z,"Get All Forms",5
2025-08-19T12:08:28.307326Z,"Get Locations by Tag and Query",10
2025-08-19T12:08:28.369281Z,"Get medication request encounters",3
2025-08-19T12:08:28.394928Z,"Get patient age",0
2025-08-19T12:08:28.401531Z,"Get patient age",0
2025-08-19T12:08:29.186034Z,"Login",1
2025-08-19T12:08:29.188756Z,"Login",1
2025-08-19T12:08:29.189276Z,"Login",1
2025-08-19T12:08:29.189869Z,"Login",1
2025-08-19T12:08:29.189993Z,"Login",1
2025-08-19T12:08:29.190400Z,"Login",1
2025-08-19T12:08:29.190690Z,"Login",1
2025-08-19T12:08:29.200813Z,"Login",1
2025-08-19T12:08:29.203520Z,"Login",1
2025-08-19T12:08:29.203588Z,"Login",1
2025-08-19T12:08:30.249293Z,"Get locations",40
2025-08-19T12:08:30.249375Z,"Get locations",40
2025-08-19T12:08:30.249445Z,"Get locations",40
2025-08-19T12:08:30.251009Z,"Get locations",40
2025-08-19T12:08:30.251088Z,"Get locations",40
2025-08-19T12:08:30.251699Z,"Get locations",40
2025-08-19T12:08:30.252724Z,"Get locations",40
2025-08-19T12:08:30.252786Z,"Get locations",40
2025-08-19T12:08:30.256536Z,"Get locations",40
2025-08-19T12:08:30.274310Z,"Get locations",40
2025-08-19T12:08:31.417793Z,"Get Patient Allergy Intolerance",0
2025-08-19T12:08:31.459499Z,"Get Specific Medication Requests",3
2025-08-19T12:08:31.468310Z,"Get Encounter With Visit and Diagnoses",0
2025-08-19T12:08:31.476203Z,"Get All Providers",1
2025-08-19T12:08:31.505347Z,"Get Patient Conditions",19
2025-08-19T12:08:32.322696Z,"Get all active Lab orders",1
2025-08-19T12:08:32.329727Z,"Get Lab Orders by full filler status",0
2025-08-19T12:08:32.334899Z,"Get Lab Orders by full filler status",0
2025-08-19T12:08:32.339961Z,"Get Lab Orders by full filler status",0
2025-08-19T12:08:32.697866Z,"Get Active Visits of Patient",0
2025-08-19T12:08:32.706519Z,"Get Specific Visit Details",0
2025-08-19T12:08:32.722601Z,"Get Clinical Form by UUID",1
2025-08-19T12:08:32.731057Z,"Get Patient Summary Data",0
2025-08-19T12:08:32.735178Z,"Get Encounter Roles",0
2025-08-19T12:08:32.744190Z,"Get Latest FHIR Encounter",1
2025-08-19T12:08:32.755988Z,"Get Encounter By UUID",2
2025-08-19T12:08:34.528206Z,"Get Patient Summary Data",1
2025-08-19T12:08:34.559088Z,"Get Order Entry Config",25
2025-08-19T12:08:34.575728Z,"Get ValueSet by UUID",1
2025-08-19T12:08:34.586539Z,"Get ValueSet by UUID",1
2025-08-19T12:08:34.605911Z,"Get Medication Request by UUID",1
2025-08-19T12:08:34.615638Z,"Get Medication by UUID",0
2025-08-19T12:08:34.621227Z,"Get All Providers",0
2025-08-19T12:08:34.627472Z,"Search Medication by Code",4
2025-08-19T12:08:34.651296Z,"Get Specific Medication Requests",3
2025-08-19T12:08:34.656832Z,"Get patient identification photo",0
2025-08-19T12:08:34.661135Z,"Get Primary Identifier Term Mapping",0
2025-08-19T12:08:34.668156Z,"Get Active Visits of Patient",1
2025-08-19T12:08:34.674441Z,"Get Visit Queue Entry",0
2025-08-19T12:08:34.679169Z,"Get the status of patient death",0
2025-08-19T12:08:35.273780Z,"Select Location",1
2025-08-19T12:08:35.274344Z,"Select Location",1
2025-08-19T12:08:35.274434Z,"Select Location",1
2025-08-19T12:08:35.274479Z,"Select Location",1
2025-08-19T12:08:35.274679Z,"Select Location",1
2025-08-19T12:08:35.274732Z,"Select Location",1
2025-08-19T12:08:35.274799Z,"Select Location",1
2025-08-19T12:08:35.275928Z,"Select Location",1
2025-08-19T12:08:35.280444Z,"Get Address Template",1
2025-08-19T12:08:35.280937Z,"Get Address Template",1
2025-08-19T12:08:35.281243Z,"Get Address Template",1
2025-08-19T12:08:35.281612Z,"Get Address Template",1
2025-08-19T12:08:35.281640Z,"Get Address Template",1
2025-08-19T12:08:35.281689Z,"Get Address Template",1
2025-08-19T12:08:35.282Z,"Get Address Template",1
2025-08-19T12:08:35.282320Z,"Select Location",1
2025-08-19T12:08:35.283681Z,"Get Address Template",1
2025-08-19T12:08:35.283978Z,"Select Location",1
2025-08-19T12:08:35.288880Z,"Get Relationship Types",5
2025-08-19T12:08:35.288990Z,"Get Relationship Types",5
2025-08-19T12:08:35.289232Z,"Get Address Template",1
2025-08-19T12:08:35.289412Z,"Get Relationship Types",5
2025-08-19T12:08:35.289897Z,"Get Address Template",1
2025-08-19T12:08:35.290097Z,"Get Relationship Types",5
2025-08-19T12:08:35.290509Z,"Get Relationship Types",5
2025-08-19T12:08:35.291461Z,"Get Relationship Types",5
2025-08-19T12:08:35.294662Z,"Get Relationship Types",5
2025-08-19T12:08:35.296083Z,"Get Relationship Types",5
2025-08-19T12:08:35.296459Z,"Get Relationship Types",5
2025-08-19T12:08:35.303170Z,"Get Relationship Types",5
2025-08-19T12:08:35.306072Z,"Get Appointments for Specific Date",2
2025-08-19T12:08:35.310245Z,"Get Appointments for Specific Date",2
2025-08-19T12:08:35.314585Z,"Get Module Information",1
2025-08-19T12:08:35.314712Z,"Get Appointments for Specific Date",2
2025-08-19T12:08:35.315962Z,"Get Appointments for Specific Date",2
2025-08-19T12:08:35.316030Z,"Get Appointments for Specific Date",2
2025-08-19T12:08:35.316069Z,"Get Appointments for Specific Date",2
2025-08-19T12:08:35.319063Z,"Get Appointments for Specific Date",2
2025-08-19T12:08:35.319489Z,"Get Appointments for Specific Date",2
2025-08-19T12:08:35.320911Z,"Get Module Information",1
2025-08-19T12:08:35.321622Z,"Get Module Information",1
2025-08-19T12:08:35.323482Z,"Get Patient Identifier Types",0
2025-08-19T12:08:35.323574Z,"Get Module Information",1
2025-08-19T12:08:35.323608Z,"Get Module Information",1
2025-08-19T12:08:35.324538Z,"Get Appointments for Specific Date",2
2025-08-19T12:08:35.324604Z,"Get Module Information",1
2025-08-19T12:08:35.324903Z,"Get Appointments for Specific Date",2
2025-08-19T12:08:35.327436Z,"Get Module Information",1
2025-08-19T12:08:35.327637Z,"Get Patient Identifier Types",0
2025-08-19T12:08:35.328599Z,"Get Module Information",1
2025-08-19T12:08:35.330143Z,"Get Module Information",1
2025-08-19T12:08:35.331940Z,"Get Module Information",1
2025-08-19T12:08:35.332647Z,"Get Patient Identifier Types",0
2025-08-19T12:08:35.332697Z,"Get Patient Identifier Types",0
2025-08-19T12:08:35.332721Z,"Get Patient Identifier Types",0
2025-08-19T12:08:35.334550Z,"Get Primary Identifier Term Mapping",1
2025-08-19T12:08:35.340306Z,"Get Patient Identifier Types",0
2025-08-19T12:08:35.340386Z,"Get Patient Identifier Types",0
2025-08-19T12:08:35.340417Z,"Get Patient Identifier Types",0
2025-08-19T12:08:35.341640Z,"Get Primary Identifier Term Mapping",1
2025-08-19T12:08:35.341701Z,"Get Patient Identifier Types",0
2025-08-19T12:08:35.341722Z,"Get Primary Identifier Term Mapping",1
2025-08-19T12:08:35.342404Z,"Get Patient Identifier Types",0
2025-08-19T12:08:35.342510Z,"Get Primary Identifier Term Mapping",1
2025-08-19T12:08:35.342553Z,"Get Primary Identifier Term Mapping",1
2025-08-19T12:08:35.345930Z,"Get Identifier Source",1
2025-08-19T12:08:35.349632Z,"Get Primary Identifier Term Mapping",1
2025-08-19T12:08:35.349899Z,"Get Primary Identifier Term Mapping",1
2025-08-19T12:08:35.349953Z,"Get Primary Identifier Term Mapping",1
2025-08-19T12:08:35.351143Z,"Get Identifier Source",1
2025-08-19T12:08:35.351206Z,"Get Primary Identifier Term Mapping",1
2025-08-19T12:08:35.352187Z,"Get Primary Identifier Term Mapping",1
2025-08-19T12:08:35.352788Z,"Get Identifier Source",1
2025-08-19T12:08:35.354340Z,"Get Identifier Source",1
2025-08-19T12:08:35.356317Z,"Get Identifier Source",1
2025-08-19T12:08:35.357375Z,"Get Locations by Tag and Query",0
2025-08-19T12:08:35.357790Z,"Get Identifier Source",1
2025-08-19T12:08:35.359395Z,"Get Locations by Tag and Query",0
2025-08-19T12:08:35.360516Z,"Get Identifier Source",1
2025-08-19T12:08:35.360571Z,"Get Locations by Tag and Query",0
2025-08-19T12:08:35.363764Z,"Get Identifier Source",1
2025-08-19T12:08:35.364776Z,"Get Locations by Tag and Query",0
2025-08-19T12:08:35.365844Z,"Get Identifier Source",1
2025-08-19T12:08:35.367279Z,"Get Identifier Source",1
2025-08-19T12:08:35.367394Z,"Get Locations by Tag and Query",0
2025-08-19T12:08:35.368469Z,"Get Locations by Tag and Query",0
2025-08-19T12:08:35.370351Z,"Get Visits",2
2025-08-19T12:08:35.374785Z,"Get Visits",2
2025-08-19T12:08:35.377839Z,"Get Locations by Tag and Query",0
2025-08-19T12:08:35.381703Z,"Get Locations by Tag and Query",0
2025-08-19T12:08:35.381815Z,"Get Locations by Tag and Query",0
2025-08-19T12:08:35.382861Z,"Get Visits",2
2025-08-19T12:08:35.383553Z,"Get Locations by Tag and Query",0
2025-08-19T12:08:35.386551Z,"Get Visits",2
2025-08-19T12:08:35.387681Z,"Get Visits",2
2025-08-19T12:08:35.391833Z,"Get Visits",2
2025-08-19T12:08:35.392616Z,"Get Auto Generation Options",2
2025-08-19T12:08:35.393178Z,"Get Visits",2
2025-08-19T12:08:35.393281Z,"Get Auto Generation Options",2
2025-08-19T12:08:35.394120Z,"Get Auto Generation Options",2
2025-08-19T12:08:35.394183Z,"Get Auto Generation Options",2
2025-08-19T12:08:35.397030Z,"Get Visits",2
2025-08-19T12:08:35.397430Z,"Get Visits",2
2025-08-19T12:08:35.398096Z,"Get Visits",2
2025-08-19T12:08:35.400010Z,"Get Identifier Source",0
2025-08-19T12:08:35.401288Z,"Get Identifier Source",0
2025-08-19T12:08:35.402361Z,"Get Identifier Source",0
2025-08-19T12:08:35.403617Z,"Get Auto Generation Options",2
2025-08-19T12:08:35.405200Z,"Get Auto Generation Options",2
2025-08-19T12:08:35.405876Z,"Get Identifier Source",0
2025-08-19T12:08:35.407278Z,"Get Auto Generation Options",2
2025-08-19T12:08:35.409368Z,"Get Auto Generation Options",2
2025-08-19T12:08:35.411375Z,"Get Queue Entry",0
2025-08-19T12:08:35.412119Z,"Get Auto Generation Options",2
2025-08-19T12:08:35.412589Z,"Get Auto Generation Options",2
2025-08-19T12:08:35.414740Z,"Get Identifier Source",0
2025-08-19T12:08:35.421291Z,"Get Identifier Source",0
2025-08-19T12:08:35.421453Z,"Get Queue Entry",0
2025-08-19T12:08:35.422954Z,"Get Queue Entry",0
2025-08-19T12:08:35.424245Z,"Get Identifier Source",0
2025-08-19T12:08:35.424302Z,"Get Identifier Source",0
2025-08-19T12:08:35.427117Z,"Get Identifier Source",0
2025-08-19T12:08:35.428702Z,"Get Identifier Source",0
2025-08-19T12:08:35.429444Z,"Get Queue Entry",0
2025-08-19T12:08:35.437541Z,"Get Queue Entry",0
2025-08-19T12:08:35.437582Z,"Get Queue Entry",0
2025-08-19T12:08:35.437619Z,"Get Queue Entry",0
2025-08-19T12:08:35.438117Z,"Get Queue Entry",0
2025-08-19T12:08:35.440178Z,"Get Queue Entry",0
2025-08-19T12:08:35.444167Z,"Get Queue Entry",0
2025-08-19T12:08:35.447604Z,"Get Patient Summary Data",1
2025-08-19T12:08:35.449493Z,"Get Patient Summary Data",1
2025-08-19T12:08:35.458768Z,"Get Active Visits of Patient",0
2025-08-19T12:08:35.460659Z,"Get Active Visits of Patient",0
2025-08-19T12:08:35.467379Z,"Get Primary Identifier Term Mapping",0
2025-08-19T12:08:35.467423Z,"Get Primary Identifier Term Mapping",0
2025-08-19T12:08:35.473970Z,"Get isVisitsEnabled",0
2025-08-19T12:08:35.474061Z,"Get isVisitsEnabled",0
2025-08-19T12:08:35.481657Z,"Get the status of patient death",0
2025-08-19T12:08:35.482318Z,"Get the status of patient death",0
2025-08-19T12:08:35.488784Z,"Get all the constraints on the vital concepts",2
2025-08-19T12:08:35.489363Z,"Get all the constraints on the vital concepts",2
2025-08-19T12:08:35.539092Z,"Get Patient Observations",131
2025-08-19T12:08:35.551546Z,"Get Patient Observations",144
2025-08-19T12:08:35.584304Z,"Get Patient Observations",105
2025-08-19T12:08:35.600637Z,"Get Patient Observations",116
2025-08-19T12:08:35.608520Z,"Get Patient Observations",25
2025-08-19T12:08:35.614778Z,"Get Visit Queue Entry",0
2025-08-19T12:08:35.619415Z,"Get Patient Observations",28
2025-08-19T12:08:35.625495Z,"Get Visit Queue Entry",0
2025-08-19T12:08:35.655195Z,"Get Patient Conditions",28
2025-08-19T12:08:35.664455Z,"Get Active Orders",0
2025-08-19T12:08:35.669863Z,"Get Patient Conditions",25
2025-08-19T12:08:35.676304Z,"Get Active Orders",0
2025-08-19T12:08:37.380207Z,"Update full filler status",0
2025-08-19T12:08:37.393663Z,"Get all active Lab orders",1
2025-08-19T12:08:37.404948Z,"Get Lab Orders by full filler status",1
2025-08-19T12:08:37.410718Z,"Get Lab Orders by full filler status",0
2025-08-19T12:08:37.415856Z,"Get Lab Orders by full filler status",0
2025-08-19T12:08:37.809444Z,"Save a clinical form",1
2025-08-19T12:08:37.817049Z,"Get Active Visits of Patient",0
2025-08-19T12:08:37.823833Z,"Get Specific Visit Details",0
2025-08-19T12:08:38.431511Z,"Get all patient lists",0
2025-08-19T12:08:38.432447Z,"Get Visit Types",1
2025-08-19T12:08:38.437985Z,"Get Address Template",0
2025-08-19T12:08:38.446651Z,"Get Patient Identifier Types",0
2025-08-19T12:08:38.450837Z,"Get all patient lists",0
2025-08-19T12:08:38.454541Z,"Get Primary Identifier Term Mapping",0
2025-08-19T12:08:38.460902Z,"Get Relationship Types",0
2025-08-19T12:08:38.460956Z,"Get Admission Location Info",1
2025-08-19T12:08:38.461273Z,"Get all patient lists",0
2025-08-19T12:08:38.466057Z,"Get Module Information",0
2025-08-19T12:08:38.473072Z,"Get Person Attribute Type",0
2025-08-19T12:08:38.488049Z,"Get Auto Generation Options",0
2025-08-19T12:08:38.497911Z,"Get Ordered Address Hierarchy Levels",0
2025-08-19T12:08:38.504610Z,"Get Identifier Source",0
2025-08-19T12:08:38.529329Z,"Get Patients",0
2025-08-19T12:08:38.529399Z,"Get Patients",0
2025-08-19T12:08:38.542511Z,"Get All Appointment Services(full)",1
2025-08-19T12:08:38.549895Z,"Get Admission Info",0
2025-08-19T12:08:38.566378Z,"Get all appointments for a specific day",2
2025-08-19T12:08:38.578188Z,"Get Inpatient Request",0
2025-08-19T12:08:38.589390Z,"Get Patients",0
2025-08-19T12:08:38.596539Z,"Get all appointment summaries",1
2025-08-19T12:08:38.622949Z,"Get Appointment By Status",4
2025-08-19T12:08:38.628998Z,"Get Appointment By Status",0
2025-08-19T12:08:38.635107Z,"Get Appointment By Status",0
2025-08-19T12:08:38.640211Z,"Get Appointment By Status",0
2025-08-19T12:08:38.645958Z,"Get all default appointment services",1
2025-08-19T12:08:38.658381Z,"Get all visits of the given location with date",1
2025-08-19T12:08:38.805603Z,"Get Current Visit of Patient",1113
2025-08-19T12:08:38.896741Z,"Get Visits of Patient",144
2025-08-19T12:08:38.904234Z,"Get Program Enrollments of Patient",4
2025-08-19T12:08:38.910255Z,"Get Visit Queue Entry",0
2025-08-19T12:08:38.916617Z,"Get Appointments of a Patient",1
2025-08-19T12:08:39.767578Z,"Dispense medication form submission",1
2025-08-19T12:08:39.808080Z,"Get medication request encounters",5
2025-08-19T12:08:39.827032Z,"Get Medication Request by UUID",0
2025-08-19T12:08:39.862725Z,"Get Specific Medication Requests",5
2025-08-19T12:08:40.459488Z,"Get Patient Summary Data",1
2025-08-19T12:08:40.461083Z,"Get Patient Summary Data",1
2025-08-19T12:08:40.472718Z,"Get Active Visits of Patient",0
2025-08-19T12:08:40.472761Z,"Get Active Visits of Patient",0
2025-08-19T12:08:40.478760Z,"Get Primary Identifier Term Mapping",0
2025-08-19T12:08:40.478801Z,"Get Primary Identifier Term Mapping",0
2025-08-19T12:08:40.482828Z,"Get isVisitsEnabled",0
2025-08-19T12:08:40.482925Z,"Get isVisitsEnabled",0
2025-08-19T12:08:40.487899Z,"Get the status of patient death",0
2025-08-19T12:08:40.487941Z,"Get the status of patient death",0
2025-08-19T12:08:40.492891Z,"Get all the constraints on the vital concepts",2
2025-08-19T12:08:40.492935Z,"Get all the constraints on the vital concepts",2
2025-08-19T12:08:40.524418Z,"Get Patient Observations",53
2025-08-19T12:08:40.528317Z,"Get Patient Observations",66
2025-08-19T12:08:40.542993Z,"Get Patient Observations",42
2025-08-19T12:08:40.549847Z,"Get Patient Observations",53
2025-08-19T12:08:40.555603Z,"Get Patient Observations",10
2025-08-19T12:08:40.560671Z,"Get Patient Observations",13
2025-08-19T12:08:40.562953Z,"Get Visit Queue Entry",0
2025-08-19T12:08:40.567863Z,"Get Visit Queue Entry",0
2025-08-19T12:08:40.582332Z,"Get Patient Conditions",10
2025-08-19T12:08:40.588926Z,"Get Active Orders",0
2025-08-19T12:08:40.589159Z,"Get Patient Conditions",13
2025-08-19T12:08:40.594950Z,"Get Active Orders",0
2025-08-19T12:08:40.679769Z,"Get Address Template",0
2025-08-19T12:08:40.683889Z,"Get Patient Identifier Types",0
2025-08-19T12:08:40.688002Z,"Get Primary Identifier Term Mapping",0
2025-08-19T12:08:40.691531Z,"Get Relationship Types",0
2025-08-19T12:08:40.693721Z,"Get Module Information",0
2025-08-19T12:08:40.696741Z,"Get Person Attribute Type",0
2025-08-19T12:08:40.704445Z,"Get Patient Observations",105
2025-08-19T12:08:40.706676Z,"Get Auto Generation Options",0
2025-08-19T12:08:40.708541Z,"Get Ordered Address Hierarchy Levels",0
2025-08-19T12:08:40.712656Z,"Get Identifier Source",0
2025-08-19T12:08:40.717199Z,"Get the status of patient death",0
2025-08-19T12:08:40.720807Z,"Get Patient Observations",25
2025-08-19T12:08:40.722916Z,"Get patient identification photo",0
2025-08-19T12:08:40.728108Z,"Get Patient Summary Data",0
2025-08-19T12:08:40.732508Z,"Get Person Attributes",0
2025-08-19T12:08:40.737331Z,"Get Patient Identifiers",0
2025-08-19T12:08:40.743375Z,"Get Relationships of Person",0
2025-08-19T12:08:40.930132Z,"Get Visits of Patient",0
2025-08-19T12:08:41.022327Z,"Get Patient Encounters",228
2025-08-19T12:08:41.059457Z,"Get Lab Results of Patient",41
2025-08-19T12:08:41.068596Z,"Get Concept",7
2025-08-19T12:08:41.075403Z,"Get Concept",11
2025-08-19T12:08:41.082636Z,"Get Concept",12
2025-08-19T12:08:41.088721Z,"Get Concept",11
2025-08-19T12:08:41.094187Z,"Get Concept",11
2025-08-19T12:08:41.099546Z,"Get Concept",12
2025-08-19T12:08:41.105241Z,"Get Concept",14
2025-08-19T12:08:41.110468Z,"Get Concept",12
2025-08-19T12:08:41.114825Z,"Get Concept",6
2025-08-19T12:08:41.120355Z,"Get Concept",10
2025-08-19T12:08:41.124714Z,"Get Concept",6
2025-08-19T12:08:41.130360Z,"Get Concept",10
2025-08-19T12:08:41.136321Z,"Get Concept",11
2025-08-19T12:08:41.142824Z,"Get Concept",15
2025-08-19T12:08:41.148481Z,"Get Concept",13
2025-08-19T12:08:41.154194Z,"Get Concept",0
2025-08-19T12:08:41.158787Z,"Get Concept",10
2025-08-19T12:08:41.163439Z,"Get Concept",8
2025-08-19T12:08:41.168139Z,"Get Concept",12
2025-08-19T12:08:41.173661Z,"Get Concept",15
2025-08-19T12:08:41.179389Z,"Get Concept",12
2025-08-19T12:08:41.186230Z,"Get Concept",19
2025-08-19T12:08:41.192101Z,"Get Concept",17
2025-08-19T12:08:41.198222Z,"Get Concept",15
2025-08-19T12:08:41.203692Z,"Get Concept",9
2025-08-19T12:08:41.209328Z,"Get Concept",10
2025-08-19T12:08:41.215258Z,"Get Concept",0
2025-08-19T12:08:41.504099Z,"Create a patient list",1
2025-08-19T12:08:41.513960Z,"Get all patient lists",0
2025-08-19T12:08:41.536514Z,"Get Visit Types",1
2025-08-19T12:08:41.544107Z,"Get Locations That Support Visits",2
2025-08-19T12:08:41.552218Z,"Get Program Enrollments of Patient",0
2025-08-19T12:08:41.559216Z,"Get Locations by Tag and Query",10
2025-08-19T12:08:41.562201Z,"Get Appointments of a Patient",0
2025-08-19T12:08:41.572083Z,"Submit Visit Form",1
2025-08-19T12:08:41.576431Z,"Get patient identification photo",0
2025-08-19T12:08:41.579284Z,"Get Primary Identifier Term Mapping",0
2025-08-19T12:08:41.583943Z,"Get Patient Summary Data",1
2025-08-19T12:08:41.590032Z,"Get Active Visits of Patient",0
2025-08-19T12:08:41.592563Z,"Get Visit Types",1
2025-08-19T12:08:41.596289Z,"Get Queue Entry",0
2025-08-19T12:08:41.596933Z,"Get Locations That Support Visits",2
2025-08-19T12:08:41.605302Z,"Get the status of patient death",0
2025-08-19T12:08:41.610206Z,"Get queue entry number",0
2025-08-19T12:08:41.610240Z,"Get Program Enrollments of Patient",4
2025-08-19T12:08:41.616266Z,"Get Locations by Tag and Query",10
2025-08-19T12:08:41.622472Z,"Get Appointments of a Patient",1
2025-08-19T12:08:41.631453Z,"Submit Visit Form",1
2025-08-19T12:08:41.637340Z,"Get Beds for Patient",0
2025-08-19T12:08:41.637375Z,"Submit visit queue entry",7
2025-08-19T12:08:41.650418Z,"Get Queue Entry",8
2025-08-19T12:08:41.651492Z,"Save Ward Encounter",1
2025-08-19T12:08:41.664195Z,"Get Locations by Tag and Query",0
2025-08-19T12:08:41.667926Z,"Get the status of patient death",0
2025-08-19T12:08:41.672319Z,"Get Patient Summary Data",1
2025-08-19T12:08:41.675516Z,"Get All Appointment Services(full)",0
2025-08-19T12:08:41.679054Z,"Get patient identification photo",0
2025-08-19T12:08:41.683671Z,"Get Queue Entry",0
2025-08-19T12:08:41.687127Z,"Get All Providers",1
2025-08-19T12:08:41.689983Z,"Get Active Visits of Patient",0
2025-08-19T12:08:42.436680Z,"Get specific encounter details",0
2025-08-19T12:08:42.443286Z,"Get Alkaline concept details",1
2025-08-19T12:08:42.475292Z,"Update the specific encounter",1
2025-08-19T12:08:42.491569Z,"Update the Lab Order Completion",2
2025-08-19T12:08:42.499636Z,"Update full filler status",0
2025-08-19T12:08:42.503474Z,"Get all active Lab orders",0
2025-08-19T12:08:42.506629Z,"Get Lab Orders by full filler status",0
2025-08-19T12:08:42.513680Z,"Get Lab Orders by full filler status",1
2025-08-19T12:08:42.517024Z,"Get Lab Orders by full filler status",0
2025-08-19T12:08:42.881725Z,"Get Patient Summary Data",0
2025-08-19T12:08:42.902886Z,"Get ValueSet by UUID",2
2025-08-19T12:08:42.910431Z,"Get patient identification photo",0
2025-08-19T12:08:42.915364Z,"Get Primary Identifier Term Mapping",0
2025-08-19T12:08:42.922613Z,"Get Active Visits of Patient",0
2025-08-19T12:08:42.925908Z,"Get the status of patient death",0
2025-08-19T12:08:43.269337Z,"Get Visits With Diagnoses and Notes (new endpoint)",36
2025-08-19T12:08:43.946938Z,"Submit Visit Form",1
2025-08-19T12:08:44.113359Z,"Get Current Visit of Patient",760
2025-08-19T12:08:44.179025Z,"Get Visits of Patient",118
2025-08-19T12:08:44.533081Z,"Get patient list details",0
2025-08-19T12:08:44.543502Z,"Fetch members of patient list",0
2025-08-19T12:08:44.561068Z,"Login",1
2025-08-19T12:08:44.663521Z,"Get service concept set",0
2025-08-19T12:08:44.678872Z,"Get Concept",7
2025-08-19T12:08:44.699153Z,"Submit new Service queue",2
2025-08-19T12:08:45.597083Z,"Get Visit Types",1
2025-08-19T12:08:45.602351Z,"Get locations",40
2025-08-19T12:08:45.602875Z,"Get Visit Types",1
2025-08-19T12:08:45.767592Z,"Get Current Visit of Patient",645
2025-08-19T12:08:45.805661Z,"Edit patient details",1
2025-08-19T12:08:45.812828Z,"Save Vitals",3
2025-08-19T12:08:45.814302Z,"Login",1
2025-08-19T12:08:45.852181Z,"Get Visits of Patient",98
2025-08-19T12:08:45.859533Z,"Get Program Enrollments of Patient",4
2025-08-19T12:08:45.865397Z,"Get Visit Queue Entry",0
2025-08-19T12:08:45.868155Z,"Get Appointments of a Patient",0
2025-08-19T12:08:45.936935Z,"Get Current Visit of Patient",1506
2025-08-19T12:08:45.946193Z,"Close medication",1
2025-08-19T12:08:45.988148Z,"Get medication request encounters",7
2025-08-19T12:08:46.007388Z,"Get Medication Request by UUID",0
2025-08-19T12:08:46.013867Z,"Get Visits of Patient",112
2025-08-19T12:08:46.017835Z,"Get Program Enrollments of Patient",0
2025-08-19T12:08:46.023502Z,"Get Visit Queue Entry",0
2025-08-19T12:08:46.029395Z,"Get Appointments of a Patient",1
2025-08-19T12:08:46.045111Z,"Get Specific Medication Requests",7
2025-08-19T12:08:46.065251Z,"Discontinue the drug order",3
2025-08-19T12:08:46.086348Z,"End Visit",1
2025-08-19T12:08:46.259425Z,"Get Current Visit of Patient",754
2025-08-19T12:08:46.336627Z,"Get Visits of Patient",151
2025-08-19T12:08:46.346110Z,"Login",1
2025-08-19T12:08:46.677801Z,"Get Active Visits of Patient",1
2025-08-19T12:08:46.684320Z,"Get isVisitsEnabled",0
2025-08-19T12:08:46.690881Z,"Get all the constraints on the vital concepts",2
2025-08-19T12:08:46.703022Z,"Check Appointment Conflicts",0
2025-08-19T12:08:46.718416Z,"Create Appointment",1
2025-08-19T12:08:46.736570Z,"Get Patient Observations",126
2025-08-19T12:08:46.758125Z,"Get Vitals concept reference ranges",2
2025-08-19T12:08:46.764662Z,"Get Specific Visit Details",1
2025-08-19T12:08:46.805202Z,"Get Transfer Locations configuration data",9
2025-08-19T12:08:46.832752Z,"Get locations",40
2025-08-19T12:08:46.956096Z,"Get Transferable locations",4
2025-08-19T12:08:46.983672Z,"Save Ward Encounter",2
2025-08-19T12:08:47.192722Z,"Get Order Types",0
2025-08-19T12:08:47.216143Z,"Get Active Orders",7
2025-08-19T12:08:47.361732Z,"Get locations",40
2025-08-19T12:08:47.545002Z,"End Visit",1
2025-08-19T12:08:47.657514Z,"Get Current Visit of Patient",492
2025-08-19T12:08:47.712570Z,"Get Visits of Patient",106
2025-08-19T12:08:47.725624Z,"Login",1
2025-08-19T12:08:47.729804Z,"Submit transition request",1
2025-08-19T12:08:47.748641Z,"Get Queue Entry",18
2025-08-19T12:08:47.773570Z,"End Visit",1
2025-08-19T12:08:48.011995Z,"Get Current Visit of Patient",1243
2025-08-19T12:08:48.112032Z,"Get Visits of Patient",213
2025-08-19T12:08:48.120595Z,"Login",1
2025-08-19T12:08:48.279531Z,"Get Drug Orders except the cancelled and expired",0
2025-08-19T12:08:48.286254Z,"Get Drug Orders except the discontinued orders",0
2025-08-19T12:08:48.292889Z,"Get Active Visits of Patient",0
2025-08-19T12:08:48.540050Z,"Generate OMRS Identifier",0
2025-08-19T12:08:48.577629Z,"Send Patient Registration Request",1
2025-08-19T12:08:48.763676Z,"Get locations",40
2025-08-19T12:08:49.157549Z,"Get locations",40
2025-08-19T12:08:50.601074Z,"Get Patient Summary Data",1
2025-08-19T12:08:50.609696Z,"Select Location",1
2025-08-19T12:08:50.611963Z,"Get Active Visits of Patient",0
2025-08-19T12:08:50.614802Z,"Get Address Template",1
2025-08-19T12:08:50.617772Z,"Get Primary Identifier Term Mapping",0
2025-08-19T12:08:50.619114Z,"Get Relationship Types",5
2025-08-19T12:08:50.621533Z,"Get isVisitsEnabled",0
2025-08-19T12:08:50.625586Z,"Get the status of patient death",0
2025-08-19T12:08:50.630232Z,"Get all the constraints on the vital concepts",2
2025-08-19T12:08:50.631717Z,"Get Appointments for Specific Date",2
2025-08-19T12:08:50.633181Z,"Get Patient Observations",0
2025-08-19T12:08:50.634001Z,"Get Module Information",1
2025-08-19T12:08:50.636664Z,"Get Patient Observations",0
2025-08-19T12:08:50.639177Z,"Get Patient Observations",0
2025-08-19T12:08:50.639328Z,"Get Patient Identifier Types",0
2025-08-19T12:08:50.642551Z,"Get Primary Identifier Term Mapping",1
2025-08-19T12:08:50.645746Z,"Get Visit Queue Entry",0
2025-08-19T12:08:50.646006Z,"Get Identifier Source",1
2025-08-19T12:08:50.647998Z,"Get Patient Conditions",0
2025-08-19T12:08:50.650007Z,"Get Locations by Tag and Query",0
2025-08-19T12:08:50.653121Z,"Get Active Orders",0
2025-08-19T12:08:50.655872Z,"Get Visits",1
2025-08-19T12:08:50.659086Z,"Login",1
2025-08-19T12:08:50.660905Z,"Get Auto Generation Options",2
2025-08-19T12:08:50.664011Z,"Get Identifier Source",0
2025-08-19T12:08:50.668171Z,"Get Queue Entry",0
2025-08-19T12:08:50.818520Z,"Get Allergies of Patient",0
2025-08-19T12:08:50.859589Z,"Get Drug Allergens",116
2025-08-19T12:08:50.877657Z,"Get Environment Allergens",91
2025-08-19T12:08:50.878939Z,"Submit Visit Form",1
2025-08-19T12:08:50.884971Z,"Get Food Allergens",28
2025-08-19T12:08:50.894956Z,"Get Allergic Reactions Allergens",44
2025-08-19T12:08:51.005370Z,"Get Current Visit of Patient",647
2025-08-19T12:08:51.039507Z,"Submit Visit Form",1
2025-08-19T12:08:51.072997Z,"Get Visits of Patient",102
2025-08-19T12:08:51.280516Z,"Get Current Visit of Patient",1388
2025-08-19T12:08:51.333016Z,"Get Visits of Patient",89
2025-08-19T12:08:51.696118Z,"Get locations",40
2025-08-19T12:08:51.724288Z,"Get Visit Types",1
2025-08-19T12:08:51.729428Z,"Get Locations That Support Visits",2
2025-08-19T12:08:51.734070Z,"Get Program Enrollments of Patient",0
2025-08-19T12:08:51.739430Z,"Get Locations by Tag and Query",10
2025-08-19T12:08:51.741804Z,"Get Appointments of a Patient",0
2025-08-19T12:08:51.749547Z,"Get Visits",2
2025-08-19T12:08:51.758021Z,"Submit Visit Form",1
2025-08-19T12:08:51.766035Z,"Submit Appointment StatusChange",1
2025-08-19T12:08:51.837462Z,"Select Location",1
2025-08-19T12:08:51.839439Z,"Get Address Template",1
2025-08-19T12:08:51.842232Z,"Get Relationship Types",5
2025-08-19T12:08:51.850418Z,"Get Appointments for Specific Date",2
2025-08-19T12:08:51.852459Z,"Get Module Information",1
2025-08-19T12:08:51.855415Z,"Get Patient Identifier Types",0
2025-08-19T12:08:51.858145Z,"Get Primary Identifier Term Mapping",1
2025-08-19T12:08:51.860965Z,"Get Identifier Source",1
2025-08-19T12:08:51.863806Z,"Get Locations by Tag and Query",0
2025-08-19T12:08:51.870626Z,"Get Visits",3
2025-08-19T12:08:51.874981Z,"Get Auto Generation Options",2
2025-08-19T12:08:51.877590Z,"Get Identifier Source",0
2025-08-19T12:08:51.881414Z,"Get Queue Entry",0
2025-08-19T12:08:51.885733Z,"Get Patient Summary Data",1
2025-08-19T12:08:51.889581Z,"Get Active Visits of Patient",0
2025-08-19T12:08:51.892079Z,"Get Primary Identifier Term Mapping",0
2025-08-19T12:08:51.894339Z,"Get isVisitsEnabled",0
2025-08-19T12:08:51.897040Z,"Get the status of patient death",0
2025-08-19T12:08:51.899825Z,"Get all the constraints on the vital concepts",2
2025-08-19T12:08:51.919Z,"Get Patient Observations",52
2025-08-19T12:08:51.935916Z,"Get Patient Observations",42
2025-08-19T12:08:51.945988Z,"Get Patient Observations",10
2025-08-19T12:08:51.951860Z,"Get Visit Queue Entry",0
2025-08-19T12:08:51.964782Z,"Get Patient Conditions",8
2025-08-19T12:08:51.969451Z,"Get Active Orders",0
2025-08-19T12:08:51.992921Z,"Get Active Visits of Patient",2
2025-08-19T12:08:51.995185Z,"Get isVisitsEnabled",0
2025-08-19T12:08:51.997888Z,"Get all the constraints on the vital concepts",0
2025-08-19T12:08:52.033398Z,"Get Patient Observations",126
2025-08-19T12:08:52.059641Z,"Get Vitals concept reference ranges",0
2025-08-19T12:08:52.066855Z,"Get Specific Visit Details",2
2025-08-19T12:08:52.226927Z,"Get Active Visits of Patient",0
2025-08-19T12:08:52.229737Z,"Search for Drug",0
2025-08-19T12:08:52.231889Z,"Search for Drug",0
2025-08-19T12:08:52.262086Z,"Save Drug Order",1
2025-08-19T12:08:52.368087Z,"Select Location",1
2025-08-19T12:08:52.370778Z,"Get Address Template",1
2025-08-19T12:08:52.374646Z,"Get Relationship Types",5
2025-08-19T12:08:52.385306Z,"Get Appointments for Specific Date",2
2025-08-19T12:08:52.387279Z,"Get Module Information",1
2025-08-19T12:08:52.390356Z,"Get Patient Identifier Types",0
2025-08-19T12:08:52.393016Z,"Get Primary Identifier Term Mapping",1
2025-08-19T12:08:52.395900Z,"Get Identifier Source",1
2025-08-19T12:08:52.399145Z,"Get Locations by Tag and Query",0
2025-08-19T12:08:52.407216Z,"Get Visits",3
2025-08-19T12:08:52.411939Z,"Get Auto Generation Options",2
2025-08-19T12:08:52.414740Z,"Get Identifier Source",0
2025-08-19T12:08:52.418724Z,"Get Queue Entry",0
2025-08-19T12:08:53.339666Z,"Get Observation Tree Details",4
2025-08-19T12:08:53.387655Z,"Get Observation Tree Details",11
2025-08-19T12:08:53.392244Z,"Get Observation Tree Details",0
2025-08-19T12:08:53.409196Z,"Get Lab Results of Patient",41
2025-08-19T12:08:53.415974Z,"Get Concept",0
2025-08-19T12:08:53.421671Z,"Get Concept",0
2025-08-19T12:08:53.427268Z,"Get Concept",0
2025-08-19T12:08:53.432912Z,"Get Concept",0
2025-08-19T12:08:53.438446Z,"Get Concept",0
2025-08-19T12:08:53.443777Z,"Get Concept",0
2025-08-19T12:08:53.449148Z,"Get Concept",0
2025-08-19T12:08:53.454025Z,"Get Concept",0
2025-08-19T12:08:53.457506Z,"Get Concept",0
2025-08-19T12:08:53.461935Z,"Get Concept",0
2025-08-19T12:08:53.465312Z,"Get Concept",0
2025-08-19T12:08:53.469703Z,"Get Concept",0
2025-08-19T12:08:53.473999Z,"Get Concept",0
2025-08-19T12:08:53.478910Z,"Get Concept",0
2025-08-19T12:08:53.483535Z,"Get Concept",0
2025-08-19T12:08:53.488302Z,"Get Concept",0
2025-08-19T12:08:53.492722Z,"Get Concept",0
2025-08-19T12:08:53.497262Z,"Get Concept",0
2025-08-19T12:08:53.501495Z,"Get Concept",0
2025-08-19T12:08:53.506361Z,"Get Concept",0
2025-08-19T12:08:53.510942Z,"Get Concept",0
2025-08-19T12:08:53.516888Z,"Get Concept",0
2025-08-19T12:08:53.523114Z,"Get Concept",0
2025-08-19T12:08:53.528951Z,"Get Concept",0
2025-08-19T12:08:53.533718Z,"Get Concept",0
2025-08-19T12:08:53.546254Z,"Get Concept",0
2025-08-19T12:08:53.552373Z,"Get Concept",0
2025-08-19T12:08:53.676187Z,"Get all patient lists",0
2025-08-19T12:08:53.681527Z,"Get all patient lists",0
2025-08-19T12:08:53.686913Z,"Get all patient lists",0
2025-08-19T12:08:53.768440Z,"Select Location",1
2025-08-19T12:08:53.770551Z,"Get Address Template",1
2025-08-19T12:08:53.773886Z,"Get Relationship Types",5
2025-08-19T12:08:53.783269Z,"Get Appointments for Specific Date",2
2025-08-19T12:08:53.785399Z,"Get Module Information",1
2025-08-19T12:08:53.788956Z,"Get Patient Identifier Types",0
2025-08-19T12:08:53.791979Z,"Get Primary Identifier Term Mapping",1
2025-08-19T12:08:53.795308Z,"Get Identifier Source",1
2025-08-19T12:08:53.798914Z,"Get Locations by Tag and Query",0
2025-08-19T12:08:53.807153Z,"Get Visits",3
2025-08-19T12:08:53.812384Z,"Get Auto Generation Options",2
2025-08-19T12:08:53.815567Z,"Get Identifier Source",0
2025-08-19T12:08:53.819687Z,"Get Queue Entry",0
2025-08-19T12:08:54.169391Z,"Select Location",1
2025-08-19T12:08:54.175866Z,"Get Address Template",1
2025-08-19T12:08:54.183904Z,"Get Relationship Types",5
2025-08-19T12:08:54.199720Z,"Get Appointments for Specific Date",2
2025-08-19T12:08:54.202949Z,"Get Module Information",1
2025-08-19T12:08:54.207763Z,"Get Patient Identifier Types",0
2025-08-19T12:08:54.211479Z,"Get Primary Identifier Term Mapping",1
2025-08-19T12:08:54.214919Z,"Get Identifier Source",1
2025-08-19T12:08:54.218546Z,"Get Locations by Tag and Query",0
2025-08-19T12:08:54.227023Z,"Get Visits",3
2025-08-19T12:08:54.232019Z,"Get Auto Generation Options",2
2025-08-19T12:08:54.234928Z,"Get Identifier Source",0
2025-08-19T12:08:54.238802Z,"Get Queue Entry",0
2025-08-19T12:08:55.129997Z,"Get Transfer Locations configuration data",0
2025-08-19T12:08:55.153286Z,"Get Transferable locations",4
2025-08-19T12:08:55.178806Z,"Save Ward Encounter",2
2025-08-19T12:08:55.430461Z,"Get Visit Types",1
2025-08-19T12:08:55.653779Z,"Get Current Visit of Patient",1068
2025-08-19T12:08:55.728964Z,"Get Visits of Patient",157
2025-08-19T12:08:55.734744Z,"Get Program Enrollments of Patient",4
2025-08-19T12:08:55.739624Z,"Get Visit Queue Entry",0
2025-08-19T12:08:55.744354Z,"Get Appointments of a Patient",1
2025-08-19T12:08:55.931925Z,"Save an Allergy",1
2025-08-19T12:08:55.938354Z,"Login",1
2025-08-19T12:08:56.093346Z,"Get Active Visits of Patient",0
2025-08-19T12:08:56.103085Z,"Get Specific Visit Details",0
2025-08-19T12:08:56.106909Z,"Get the details of a orderType",0
2025-08-19T12:08:56.118949Z,"Get all Lab order details",28
2025-08-19T12:08:56.120933Z,"Get Module Information",0
2025-08-19T12:08:56.138961Z,"Add a lab order",1
2025-08-19T12:08:56.354946Z,"Get Active Visits of Patient",0
2025-08-19T12:08:56.366649Z,"Get Specific Visit Details",0
2025-08-19T12:08:56.384675Z,"Get All Form Encounters",5
2025-08-19T12:08:56.392409Z,"Get All Forms",5
2025-08-19T12:08:56.705932Z,"Select Location",1
2025-08-19T12:08:56.710850Z,"Get Address Template",1
2025-08-19T12:08:56.714781Z,"Create a patient list",1
2025-08-19T12:08:56.716895Z,"Get Relationship Types",5
2025-08-19T12:08:56.723364Z,"Get all patient lists",1
2025-08-19T12:08:56.728986Z,"Get Appointments for Specific Date",2
2025-08-19T12:08:56.731103Z,"Get Module Information",1
2025-08-19T12:08:56.734921Z,"Get Patient Identifier Types",0
2025-08-19T12:08:56.738021Z,"Get Primary Identifier Term Mapping",1
2025-08-19T12:08:56.741433Z,"Get Identifier Source",1
2025-08-19T12:08:56.744955Z,"Get Locations by Tag and Query",0
2025-08-19T12:08:56.753595Z,"Get Visits",3
2025-08-19T12:08:56.758395Z,"Get Auto Generation Options",2
2025-08-19T12:08:56.761177Z,"Get Identifier Source",0
2025-08-19T12:08:56.765146Z,"Get Queue Entry",0
2025-08-19T12:08:56.974220Z,"Get Address Template",0
2025-08-19T12:08:56.979236Z,"Get Patient Identifier Types",0
2025-08-19T12:08:56.980340Z,"Get locations",40
2025-08-19T12:08:56.983277Z,"Get Primary Identifier Term Mapping",0
2025-08-19T12:08:56.986296Z,"Get Relationship Types",0
2025-08-19T12:08:56.988040Z,"Get Module Information",0
2025-08-19T12:08:56.990536Z,"Get Person Attribute Type",0
2025-08-19T12:08:56.996213Z,"Get Auto Generation Options",0
2025-08-19T12:08:56.997485Z,"Get Ordered Address Hierarchy Levels",0
2025-08-19T12:08:57.000414Z,"Get Identifier Source",0
2025-08-19T12:08:57.003297Z,"Get the status of patient death",0
2025-08-19T12:08:57.008764Z,"Get patient identification photo",0
2025-08-19T12:08:57.013133Z,"Get Patient Summary Data",0
2025-08-19T12:08:57.015902Z,"Get Person Attributes",0
2025-08-19T12:08:57.019061Z,"Get Patient Identifiers",0
2025-08-19T12:08:57.022032Z,"Get Relationships of Person",0
2025-08-19T12:08:57.274712Z,"Get Locations by Tag and Query",10
2025-08-19T12:08:57.286797Z,"Get Patients",2
2025-08-19T12:08:57.291725Z,"Get Active Visits of Patient",0
2025-08-19T12:08:57.296244Z,"Get patient identification photo",0
2025-08-19T12:08:57.299553Z,"Get the status of patient death",0
2025-08-19T12:08:57.306464Z,"Get medication request encounters",3
2025-08-19T12:08:57.310363Z,"Get patient age",0
2025-08-19T12:08:57.313397Z,"Get patient age",0
2025-08-19T12:08:58.223353Z,"Get locations",40
2025-08-19T12:08:58.229655Z,"Get Locations Search Set",1
2025-08-19T12:08:58.234368Z,"Change the session location",1
2025-08-19T12:08:58.239158Z,"Get Admission Location Info",1
2025-08-19T12:08:58.253734Z,"Get Admission Info",0
2025-08-19T12:08:58.283341Z,"Get Inpatient Request",40
2025-08-19T12:08:58.840302Z,"Get Patient Summary Data",1
2025-08-19T12:08:58.851161Z,"Get Active Visits of Patient",0
2025-08-19T12:08:58.857355Z,"Get Primary Identifier Term Mapping",0
2025-08-19T12:08:58.861330Z,"Get isVisitsEnabled",0
2025-08-19T12:08:58.866290Z,"Get the status of patient death",0
2025-08-19T12:08:58.870316Z,"Get all the constraints on the vital concepts",2
2025-08-19T12:08:58.921752Z,"Get Patient Observations",164
2025-08-19T12:08:58.966494Z,"Get Patient Observations",159
2025-08-19T12:08:58.985605Z,"Get Patient Observations",38
2025-08-19T12:08:58.990978Z,"Get Visit Queue Entry",0
2025-08-19T12:08:59.037991Z,"Get Patient Conditions",49
2025-08-19T12:08:59.043164Z,"Get Active Orders",0
2025-08-19T12:08:59.743148Z,"Get patient list details",0
2025-08-19T12:08:59.752902Z,"Fetch members of patient list",0
2025-08-19T12:08:59.765101Z,"Login",1
2025-08-19T12:08:59.769550Z,"Get Address Template",0
2025-08-19T12:08:59.774881Z,"Get Patient Identifier Types",0
2025-08-19T12:08:59.778807Z,"Get Primary Identifier Term Mapping",0
2025-08-19T12:08:59.782104Z,"Get Relationship Types",0
2025-08-19T12:08:59.784025Z,"Get Module Information",0
2025-08-19T12:08:59.786698Z,"Get Person Attribute Type",0
2025-08-19T12:08:59.792449Z,"Get Auto Generation Options",0
2025-08-19T12:08:59.793797Z,"Get Ordered Address Hierarchy Levels",0
2025-08-19T12:08:59.796951Z,"Get Identifier Source",0
2025-08-19T12:09:00.310837Z,"Get Visit Types",1
2025-08-19T12:09:00.318226Z,"Get Patient Allergy Intolerance",0
2025-08-19T12:09:00.319669Z,"Get Locations That Support Visits",2
2025-08-19T12:09:00.337351Z,"Get Program Enrollments of Patient",4
2025-08-19T12:09:00.344225Z,"Get Locations by Tag and Query",10
2025-08-19T12:09:00.347039Z,"Get Appointments of a Patient",0
2025-08-19T12:09:00.357201Z,"Submit Visit Form",1
2025-08-19T12:09:00.357826Z,"Get Specific Medication Requests",3
2025-08-19T12:09:00.361964Z,"Get patient identification photo",0
2025-08-19T12:09:00.364354Z,"Get Encounter With Visit and Diagnoses",0
2025-08-19T12:09:00.365180Z,"Get Primary Identifier Term Mapping",0
2025-08-19T12:09:00.369126Z,"Get All Providers",1
2025-08-19T12:09:00.370028Z,"Get Patient Summary Data",1
2025-08-19T12:09:00.376245Z,"Get Active Visits of Patient",0
2025-08-19T12:09:00.381622Z,"Get Queue Entry",0
2025-08-19T12:09:00.384522Z,"Get the status of patient death",0
2025-08-19T12:09:00.385825Z,"Get queue entry number",0
2025-08-19T12:09:00.400835Z,"Get Patient Conditions",26
2025-08-19T12:09:00.403865Z,"Submit visit queue entry",7
2025-08-19T12:09:00.414259Z,"Get Queue Entry",8
2025-08-19T12:09:00.772609Z,"Submit Visit Form",1
2025-08-19T12:09:00.789480Z,"Get locations",40
2025-08-19T12:09:00.975458Z,"Get Current Visit of Patient",773
2025-08-19T12:09:01.047398Z,"Get Visits of Patient",114
2025-08-19T12:09:01.153307Z,"Get all active Lab orders",1
2025-08-19T12:09:01.157507Z,"Get Lab Orders by full filler status",0
2025-08-19T12:09:01.167099Z,"Get Lab Orders by full filler status",1
2025-08-19T12:09:01.171003Z,"Get Lab Orders by full filler status",0
2025-08-19T12:09:01.293118Z,"Get Primary Identifier Term Mapping",0
2025-08-19T12:09:01.299661Z,"Get patient admission note",0
2025-08-19T12:09:01.304174Z,"Get Beds for Patient",0
2025-08-19T12:09:01.319042Z,"Save Ward Encounter",1
2025-08-19T12:09:01.400926Z,"Get Active Visits of Patient",0
2025-08-19T12:09:01.405716Z,"Get Specific Visit Details",0
2025-08-19T12:09:01.411658Z,"Get Clinical Form by UUID",1
2025-08-19T12:09:01.417140Z,"Get Patient Summary Data",0
2025-08-19T12:09:01.419064Z,"Get Encounter Roles",0
2025-08-19T12:09:01.425822Z,"Get Latest FHIR Encounter",1
2025-08-19T12:09:01.433172Z,"Get Encounter By UUID",3
2025-08-19T12:09:01.810854Z,"End Visit",1
2025-08-19T12:09:01.813834Z,"Get Visit Types",0
2025-08-19T12:09:01.818708Z,"Get Locations That Support Visits",0
2025-08-19T12:09:01.827820Z,"Submit Appointment StatusChange",1
2025-08-19T12:09:01.830147Z,"Get All Appointment Services(full)",0
2025-08-19T12:09:01.838220Z,"Get all appointments for a specific day",2
2025-08-19T12:09:01.847901Z,"Get all appointment summaries",1
2025-08-19T12:09:01.859735Z,"Get Appointment By Status",4
2025-08-19T12:09:01.862770Z,"Get Appointment By Status",0
2025-08-19T12:09:01.866009Z,"Get Appointment By Status",0
2025-08-19T12:09:01.868858Z,"Get Appointment By Status",0
2025-08-19T12:09:01.871985Z,"Get all default appointment services",0
2025-08-19T12:09:01.885176Z,"Get all visits of the given location with date",5
2025-08-19T12:09:01.891198Z,"Login",1
2025-08-19T12:09:01.985091Z,"Select Location",1
2025-08-19T12:09:01.987224Z,"Get Address Template",1
2025-08-19T12:09:01.990354Z,"Get Relationship Types",5
2025-08-19T12:09:01.998658Z,"Get Appointments for Specific Date",2
2025-08-19T12:09:02.000295Z,"Get Module Information",1
2025-08-19T12:09:02.003233Z,"Get Patient Identifier Types",0
2025-08-19T12:09:02.005561Z,"Get Primary Identifier Term Mapping",1
2025-08-19T12:09:02.008442Z,"Get Identifier Source",1
2025-08-19T12:09:02.011411Z,"Get Locations by Tag and Query",0
2025-08-19T12:09:02.019436Z,"Get Visits",4
2025-08-19T12:09:02.023978Z,"Get Auto Generation Options",2
2025-08-19T12:09:02.026710Z,"Get Identifier Source",0
2025-08-19T12:09:02.040033Z,"Get Queue Entry",8
2025-08-19T12:09:02.045320Z,"Get Patient Summary Data",1
2025-08-19T12:09:02.049360Z,"Get Active Visits of Patient",0
2025-08-19T12:09:02.051265Z,"Edit patient details",1
2025-08-19T12:09:02.052434Z,"Get Primary Identifier Term Mapping",0
2025-08-19T12:09:02.054493Z,"Get isVisitsEnabled",0
2025-08-19T12:09:02.056929Z,"Login",1
2025-08-19T12:09:02.057360Z,"Get the status of patient death",0
2025-08-19T12:09:02.060098Z,"Get all the constraints on the vital concepts",2
2025-08-19T12:09:02.097849Z,"Get Patient Observations",131
2025-08-19T12:09:02.128863Z,"Get Patient Observations",105
2025-08-19T12:09:02.143140Z,"Get Patient Observations",26
2025-08-19T12:09:02.148737Z,"Get Visit Queue Entry",0
2025-08-19T12:09:02.179048Z,"Get Patient Conditions",25
2025-08-19T12:09:02.183789Z,"Get Active Orders",0
2025-08-19T12:09:02.927365Z,"Get locations",40
2025-08-19T12:09:03.092538Z,"Get locations",40
2025-08-19T12:09:03.416666Z,"Get Patient Summary Data",1
2025-08-19T12:09:03.421703Z,"Get service concept set",0
2025-08-19T12:09:03.429314Z,"Get Concept",7
2025-08-19T12:09:03.439196Z,"Get Order Entry Config",25
2025-08-19T12:09:03.440256Z,"Submit new Service queue",2
2025-08-19T12:09:03.450290Z,"Get ValueSet by UUID",1
2025-08-19T12:09:03.458746Z,"Get ValueSet by UUID",1
2025-08-19T12:09:03.477428Z,"Get Medication Request by UUID",1
2025-08-19T12:09:03.480050Z,"Get Medication by UUID",0
2025-08-19T12:09:03.483777Z,"Get All Providers",0
2025-08-19T12:09:03.487147Z,"Search Medication by Code",4
2025-08-19T12:09:03.507187Z,"Get Specific Medication Requests",3
2025-08-19T12:09:03.511161Z,"Get patient identification photo",0
2025-08-19T12:09:03.513826Z,"Get Primary Identifier Term Mapping",0
2025-08-19T12:09:03.519074Z,"Get Active Visits of Patient",1
2025-08-19T12:09:03.524900Z,"Get Visit Queue Entry",0
2025-08-19T12:09:03.527606Z,"Get the status of patient death",0
2025-08-19T12:09:03.569874Z,"Get Patient Conditions",23
2025-08-19T12:09:04.053692Z,"Get Visit Types",1
2025-08-19T12:09:04.056419Z,"Get Order Types",0
2025-08-19T12:09:04.075425Z,"Get Active Orders",4
2025-08-19T12:09:04.416570Z,"Get Current Visit of Patient",2335
2025-08-19T12:09:04.521406Z,"Get Visits of Patient",199
2025-08-19T12:09:04.525068Z,"Get Program Enrollments of Patient",0
2025-08-19T12:09:04.529710Z,"Get Visit Queue Entry",0
2025-08-19T12:09:04.531794Z,"Get Appointments of a Patient",0
2025-08-19T12:09:05.801488Z,"Select Location",1
2025-08-19T12:09:05.807598Z,"Get Address Template",1
2025-08-19T12:09:05.816609Z,"Get Relationship Types",5
2025-08-19T12:09:05.833003Z,"Get Appointments for Specific Date",2
2025-08-19T12:09:05.836405Z,"Get Module Information",1
2025-08-19T12:09:05.841590Z,"Get Patient Identifier Types",0
2025-08-19T12:09:05.846155Z,"Get Primary Identifier Term Mapping",1
2025-08-19T12:09:05.850372Z,"Get Identifier Source",1
2025-08-19T12:09:05.855013Z,"Get Locations by Tag and Query",0
2025-08-19T12:09:05.864978Z,"Get Visits",4
2025-08-19T12:09:05.869816Z,"Get Auto Generation Options",2
2025-08-19T12:09:05.872674Z,"Get Identifier Source",0
2025-08-19T12:09:05.883613Z,"Get Queue Entry",8
2025-08-19T12:09:06.197926Z,"Update full filler status",0
2025-08-19T12:09:06.214352Z,"Get all active Lab orders",1
2025-08-19T12:09:06.225918Z,"Get Lab Orders by full filler status",1
2025-08-19T12:09:06.234828Z,"Get Lab Orders by full filler status",1
2025-08-19T12:09:06.238325Z,"Get Lab Orders by full filler status",0
2025-08-19T12:09:06.339318Z,"Save Ward Encounter",1
2025-08-19T12:09:06.376827Z,"End Visit",2
2025-08-19T12:09:06.382710Z,"Login",1
2025-08-19T12:09:06.455064Z,"Save a clinical form",1
2025-08-19T12:09:06.460130Z,"Get Active Visits of Patient",0
2025-08-19T12:09:06.462947Z,"Submit transition request",1
2025-08-19T12:09:06.464652Z,"Get Specific Visit Details",0
2025-08-19T12:09:06.478236Z,"Get Queue Entry",18
2025-08-19T12:09:06.499989Z,"End Visit",1
2025-08-19T12:09:06.664947Z,"Get Current Visit of Patient",832
2025-08-19T12:09:06.714335Z,"Get Visits of Patient",85
2025-08-19T12:09:06.719951Z,"Login",1
2025-08-19T12:09:07.245974Z,"Get Patient Observations",105
2025-08-19T12:09:07.261154Z,"Get Patient Observations",26
2025-08-19T12:09:07.408722Z,"Get locations",40
2025-08-19T12:09:07.758571Z,"Get locations",40
2025-08-19T12:09:07.939609Z,"Select Location",1
2025-08-19T12:09:07.945987Z,"Get Address Template",1
2025-08-19T12:09:07.954186Z,"Get Relationship Types",5
2025-08-19T12:09:07.969122Z,"Get Appointments for Specific Date",2
2025-08-19T12:09:07.972379Z,"Get Module Information",1
2025-08-19T12:09:07.977389Z,"Get Patient Identifier Types",0
2025-08-19T12:09:07.981526Z,"Get Primary Identifier Term Mapping",1
2025-08-19T12:09:07.985291Z,"Get Identifier Source",1
2025-08-19T12:09:07.988968Z,"Get Locations by Tag and Query",0
2025-08-19T12:09:07.997198Z,"Get Visits",3
2025-08-19T12:09:08.002121Z,"Get Auto Generation Options",2
2025-08-19T12:09:08.005055Z,"Get Identifier Source",0
2025-08-19T12:09:08.008953Z,"Get Queue Entry",0
2025-08-19T12:09:08.098728Z,"Select Location",1
2025-08-19T12:09:08.101335Z,"Get Address Template",1
2025-08-19T12:09:08.105636Z,"Get Relationship Types",5
2025-08-19T12:09:08.116141Z,"Get Appointments for Specific Date",2
2025-08-19T12:09:08.118414Z,"Get Module Information",1
2025-08-19T12:09:08.122119Z,"Get Patient Identifier Types",0
2025-08-19T12:09:08.125670Z,"Get Primary Identifier Term Mapping",1
2025-08-19T12:09:08.128740Z,"Get Identifier Source",1
2025-08-19T12:09:08.132133Z,"Get Locations by Tag and Query",0
2025-08-19T12:09:08.140965Z,"Get Visits",3
2025-08-19T12:09:08.146560Z,"Get Auto Generation Options",2
2025-08-19T12:09:08.149814Z,"Get Identifier Source",0
2025-08-19T12:09:08.153807Z,"Get Queue Entry",0
2025-08-19T12:09:08.158587Z,"Get Patient Summary Data",1
2025-08-19T12:09:08.163038Z,"Get Active Visits of Patient",0
2025-08-19T12:09:08.166774Z,"Get Primary Identifier Term Mapping",0
2025-08-19T12:09:08.169346Z,"Get isVisitsEnabled",0
2025-08-19T12:09:08.173585Z,"Get the status of patient death",0
2025-08-19T12:09:08.177563Z,"Get all the constraints on the vital concepts",2
2025-08-19T12:09:08.223886Z,"Get Patient Observations",118
2025-08-19T12:09:08.259413Z,"Get Patient Observations",95
2025-08-19T12:09:08.273681Z,"Get Patient Observations",23
2025-08-19T12:09:08.279195Z,"Get Visit Queue Entry",0
2025-08-19T12:09:08.301267Z,"Get Patient Conditions",17
2025-08-19T12:09:08.306733Z,"Get Active Orders",0
2025-08-19T12:09:08.598602Z,"Get Patient Conditions",23
2025-08-19T12:09:08.599886Z,"Dispense medication form submission",1
2025-08-19T12:09:08.638793Z,"Get medication request encounters",5
2025-08-19T12:09:08.657680Z,"Get Medication Request by UUID",0
2025-08-19T12:09:08.694642Z,"Get Specific Medication Requests",5
2025-08-19T12:09:08.901338Z,"Get all patient lists",1
2025-08-19T12:09:08.914792Z,"Get all patient lists",0
2025-08-19T12:09:08.928624Z,"Get all patient lists",1
2025-08-19T12:09:09.096873Z,"Get Active Visits of Patient",0
2025-08-19T12:09:09.102669Z,"Search for Drug",0
2025-08-19T12:09:09.107802Z,"Search for Drug",0
2025-08-19T12:09:09.153099Z,"Save Drug Order",1
2025-08-19T12:09:09.543142Z,"Submit Visit Form",1
2025-08-19T12:09:09.570465Z,"Get Visits of Patient",0
2025-08-19T12:09:09.671712Z,"Get Patient Encounters",185
2025-08-19T12:09:09.700439Z,"Get Lab Results of Patient",43
2025-08-19T12:09:09.710234Z,"Get Concept",19
2025-08-19T12:09:09.716350Z,"Get Concept",8
2025-08-19T12:09:09.722100Z,"Get Concept",11
2025-08-19T12:09:09.727854Z,"Get Concept",11
2025-08-19T12:09:09.733207Z,"Get Concept",8
2025-08-19T12:09:09.741200Z,"Get Concept",17
2025-08-19T12:09:09.749148Z,"Get Concept",18
2025-08-19T12:09:09.756249Z,"Get Concept",11
2025-08-19T12:09:09.763608Z,"Get Concept",13
2025-08-19T12:09:09.770026Z,"Get Concept",9
2025-08-19T12:09:09.777178Z,"Get Concept",15
2025-08-19T12:09:09.783108Z,"Get Concept",8
2025-08-19T12:09:09.790128Z,"Get Concept",13
2025-08-19T12:09:09.796693Z,"Get Concept",10
2025-08-19T12:09:09.807538Z,"Get Concept",0
2025-08-19T12:09:09.812594Z,"Generate OMRS Identifier",0
2025-08-19T12:09:09.825166Z,"Get Concept",0
2025-08-19T12:09:09.833453Z,"Get Concept",0
2025-08-19T12:09:09.841297Z,"Get Concept",0
2025-08-19T12:09:09.845420Z,"Send Patient Registration Request",1
2025-08-19T12:09:09.849215Z,"Get Concept",0
2025-08-19T12:09:09.855835Z,"Get Concept",0
2025-08-19T12:09:09.864362Z,"Get Concept",0
2025-08-19T12:09:09.871137Z,"Get Concept",0
2025-08-19T12:09:09.880014Z,"Get Concept",0
2025-08-19T12:09:09.885831Z,"Get Concept",0
2025-08-19T12:09:09.892695Z,"Get Concept",0
2025-08-19T12:09:09.898713Z,"Get Concept",0
2025-08-19T12:09:09.938743Z,"Get Current Visit of Patient",2220
2025-08-19T12:09:10.077595Z,"Get Visits of Patient",179
2025-08-19T12:09:10.669740Z,"Search for Condition",0
2025-08-19T12:09:11.040241Z,"Get Patients",5
2025-08-19T12:09:11.045885Z,"Get Active Visits of Patient",0
2025-08-19T12:09:11.051322Z,"Get patient identification photo",0
2025-08-19T12:09:11.055216Z,"Get the status of patient death",0
2025-08-19T12:09:11.059802Z,"Get Active Visits of Patient",0
2025-08-19T12:09:11.064268Z,"Get patient identification photo",0
2025-08-19T12:09:11.067850Z,"Get the status of patient death",0
2025-08-19T12:09:11.070702Z,"Get All Appointment Services(full)",1
2025-08-19T12:09:11.079167Z,"Get all appointments for a specific day",2
2025-08-19T12:09:11.089603Z,"Get all appointment summaries",1
2025-08-19T12:09:11.101837Z,"Get Appointment By Status",4
2025-08-19T12:09:11.105467Z,"Get Appointment By Status",0
2025-08-19T12:09:11.108344Z,"Get Appointment By Status",0
2025-08-19T12:09:11.111375Z,"Get Appointment By Status",0
2025-08-19T12:09:11.113940Z,"Get all default appointment services",1
2025-08-19T12:09:11.125220Z,"Get all visits of the given location with date",6
2025-08-19T12:09:11.247959Z,"Get specific encounter details",0
2025-08-19T12:09:11.252213Z,"Get Alkaline concept details",1
2025-08-19T12:09:11.273938Z,"Update the specific encounter",1
2025-08-19T12:09:11.289638Z,"Update the Lab Order Completion",2
2025-08-19T12:09:11.297559Z,"Update full filler status",0
2025-08-19T12:09:11.301170Z,"Get all active Lab orders",0
2025-08-19T12:09:11.304873Z,"Get Lab Orders by full filler status",0
2025-08-19T12:09:11.315525Z,"Get Lab Orders by full filler status",2
2025-08-19T12:09:11.320184Z,"Get Lab Orders by full filler status",0
2025-08-19T12:09:11.694498Z,"Search for Condition",0
2025-08-19T12:09:11.704977Z,"Get Patient Summary Data",0
2025-08-19T12:09:11.720054Z,"Get ValueSet by UUID",2
2025-08-19T12:09:11.725793Z,"Get patient identification photo",0
2025-08-19T12:09:11.728883Z,"Get Primary Identifier Term Mapping",0
2025-08-19T12:09:11.735193Z,"Get Active Visits of Patient",0
2025-08-19T12:09:11.737988Z,"Get the status of patient death",0
2025-08-19T12:09:11.859144Z,"Get Patient Summary Data",1
2025-08-19T12:09:11.869136Z,"Get Active Visits of Patient",0
2025-08-19T12:09:11.875644Z,"Get Primary Identifier Term Mapping",0
2025-08-19T12:09:11.881366Z,"Get isVisitsEnabled",0
2025-08-19T12:09:11.887306Z,"Get the status of patient death",0
2025-08-19T12:09:11.893079Z,"Get all the constraints on the vital concepts",2
2025-08-19T12:09:11.898630Z,"Get Patient Observations",0
2025-08-19T12:09:11.903211Z,"Get Patient Observations",0
2025-08-19T12:09:11.906192Z,"Get Patient Observations",0
2025-08-19T12:09:11.915244Z,"Get Visit Queue Entry",0
2025-08-19T12:09:11.918732Z,"Get Patient Conditions",0
2025-08-19T12:09:11.925838Z,"Get Active Orders",0
2025-08-19T12:09:11.934784Z,"Login",1
2025-08-19T12:09:11.937075Z,"Get Visits With Diagnoses and Notes (new endpoint)",21
2025-08-19T12:09:11.943709Z,"Create a patient list",1
2025-08-19T12:09:11.952589Z,"Get all patient lists",1
2025-08-19T12:09:12.357699Z,"Save Vitals",3
2025-08-19T12:09:12.414022Z,"Select Location",1
2025-08-19T12:09:12.416257Z,"Get Address Template",1
2025-08-19T12:09:12.419982Z,"Get Relationship Types",5
2025-08-19T12:09:12.429040Z,"Get Appointments for Specific Date",2
2025-08-19T12:09:12.431564Z,"Get Module Information",1
2025-08-19T12:09:12.434558Z,"Get Patient Identifier Types",0
2025-08-19T12:09:12.437213Z,"Get Primary Identifier Term Mapping",1
2025-08-19T12:09:12.440103Z,"Get Identifier Source",1
2025-08-19T12:09:12.443132Z,"Get Locations by Tag and Query",0
2025-08-19T12:09:12.451803Z,"Get Visits",4
2025-08-19T12:09:12.456995Z,"Get Auto Generation Options",2
2025-08-19T12:09:12.459763Z,"Get Identifier Source",0
2025-08-19T12:09:12.463421Z,"Get Queue Entry",0
2025-08-19T12:09:12.726154Z,"Save Conditions",1
2025-08-19T12:09:12.767962Z,"Select Location",1
2025-08-19T12:09:12.771574Z,"Get Address Template",1
2025-08-19T12:09:12.776670Z,"Get Relationship Types",5
2025-08-19T12:09:12.789038Z,"Get Appointments for Specific Date",2
2025-08-19T12:09:12.791171Z,"Get Module Information",1
2025-08-19T12:09:12.794780Z,"Get Patient Identifier Types",0
2025-08-19T12:09:12.797944Z,"Get Primary Identifier Term Mapping",1
2025-08-19T12:09:12.801644Z,"Get Identifier Source",1
2025-08-19T12:09:12.805395Z,"Get Locations by Tag and Query",0
2025-08-19T12:09:12.814983Z,"Get Visits",4
2025-08-19T12:09:12.820068Z,"Get Auto Generation Options",2
2025-08-19T12:09:12.822939Z,"Get Identifier Source",0
2025-08-19T12:09:12.826886Z,"Get Queue Entry",0
2025-08-19T12:09:12.967921Z,"Get locations",40
2025-08-19T12:09:13.316646Z,"Get Address Template",0
2025-08-19T12:09:13.327362Z,"Get Patient Identifier Types",0
2025-08-19T12:09:13.336017Z,"Get Primary Identifier Term Mapping",0
2025-08-19T12:09:13.341403Z,"Get Relationship Types",0
2025-08-19T12:09:13.344222Z,"Get Module Information",0
2025-08-19T12:09:13.347928Z,"Get Person Attribute Type",0
2025-08-19T12:09:13.355447Z,"Get Auto Generation Options",0
2025-08-19T12:09:13.357166Z,"Get Ordered Address Hierarchy Levels",0
2025-08-19T12:09:13.360873Z,"Get Identifier Source",0
2025-08-19T12:09:13.364273Z,"Get the status of patient death",0
2025-08-19T12:09:13.368362Z,"Get patient identification photo",0
2025-08-19T12:09:13.372861Z,"Get Patient Summary Data",0
2025-08-19T12:09:13.375762Z,"Get Person Attributes",0
2025-08-19T12:09:13.379250Z,"Get Patient Identifiers",0
2025-08-19T12:09:13.382596Z,"Get Relationships of Person",0
2025-08-19T12:09:14.140717Z,"Get Locations by Tag and Query",0
2025-08-19T12:09:14.152175Z,"Get the status of patient death",0
2025-08-19T12:09:14.164996Z,"Get Locations by Tag and Query",10
2025-08-19T12:09:14.165125Z,"Get Patient Summary Data",1
2025-08-19T12:09:14.170528Z,"Get All Appointment Services(full)",0
2025-08-19T12:09:14.176490Z,"Get patient identification photo",0
2025-08-19T12:09:14.183420Z,"Get Queue Entry",0
2025-08-19T12:09:14.189692Z,"Get All Providers",1
2025-08-19T12:09:14.193553Z,"Get Active Visits of Patient",0
2025-08-19T12:09:14.233031Z,"Get medication request encounters",8
2025-08-19T12:09:14.236982Z,"Get patient age",0
2025-08-19T12:09:14.239680Z,"Get patient age",0
2025-08-19T12:09:14.242305Z,"Get patient age",0
2025-08-19T12:09:14.244668Z,"Get patient age",0
2025-08-19T12:09:14.246936Z,"Get patient age",0
2025-08-19T12:09:14.775602Z,"Close medication",1
2025-08-19T12:09:14.835488Z,"Get medication request encounters",9
2025-08-19T12:09:14.854122Z,"Get Medication Request by UUID",0
2025-08-19T12:09:14.887963Z,"Get Specific Medication Requests",7
2025-08-19T12:09:14.902160Z,"Discontinue the drug order",3
2025-08-19T12:09:14.920548Z,"End Visit",1
2025-08-19T12:09:14.958254Z,"Get patient list details",0
2025-08-19T12:09:14.961389Z,"Fetch members of patient list",0
2025-08-19T12:09:14.966778Z,"Login",1
2025-08-19T12:09:15.089458Z,"Get Active Visits of Patient",0
2025-08-19T12:09:15.096778Z,"Get Specific Visit Details",0
2025-08-19T12:09:15.101291Z,"Get the details of a orderType",0
2025-08-19T12:09:15.112897Z,"Get all Lab order details",28
2025-08-19T12:09:15.116434Z,"Get Module Information",0
2025-08-19T12:09:15.315477Z,"Add a lab order",1
2025-08-19T12:09:15.339721Z,"Get Current Visit of Patient",779
2025-08-19T12:09:15.425111Z,"Get Visits of Patient",136
2025-08-19T12:09:15.433217Z,"Login",1
2025-08-19T12:09:15.469755Z,"Get Admission Location Info",1
2025-08-19T12:09:15.483025Z,"Get Admission Info",0
2025-08-19T12:09:15.491562Z,"Get Inpatient Request",0
2025-08-19T12:09:15.502142Z,"Get Patients",5
2025-08-19T12:09:15.506044Z,"Get Active Visits of Patient",0
2025-08-19T12:09:15.509739Z,"Get patient identification photo",0
2025-08-19T12:09:15.512772Z,"Get the status of patient death",0
2025-08-19T12:09:15.516183Z,"Get Active Visits of Patient",0
2025-08-19T12:09:15.519993Z,"Get patient identification photo",0
2025-08-19T12:09:15.523372Z,"Get the status of patient death",0
2025-08-19T12:09:15.872494Z,"Get Patients",5
2025-08-19T12:09:15.886243Z,"Get Active Visits of Patient",0
2025-08-19T12:09:15.896254Z,"Get patient identification photo",0
2025-08-19T12:09:15.905509Z,"Get the status of patient death",0
2025-08-19T12:09:15.914786Z,"Get Active Visits of Patient",0
2025-08-19T12:09:15.925512Z,"Get patient identification photo",0
2025-08-19T12:09:15.930891Z,"Get the status of patient death",0
2025-08-19T12:09:16.011882Z,"Get locations",40
2025-08-19T12:09:16.370308Z,"End Visit",1
2025-08-19T12:09:16.464436Z,"Get locations",40
2025-08-19T12:09:16.588067Z,"Get Current Visit of Patient",667
2025-08-19T12:09:16.663128Z,"Get Visits of Patient",109
2025-08-19T12:09:16.669816Z,"Login",1
2025-08-19T12:09:16.958640Z,"Get Drug Orders except the cancelled and expired",0
2025-08-19T12:09:16.970857Z,"Get Drug Orders except the discontinued orders",0
2025-08-19T12:09:16.981509Z,"Get Active Visits of Patient",0
2025-08-19T12:09:17.258029Z,"Get Patient Allergy Intolerance",0
2025-08-19T12:09:17.301443Z,"Get Specific Medication Requests",3
2025-08-19T12:09:17.308574Z,"Get Encounter With Visit and Diagnoses",0
2025-08-19T12:09:17.312472Z,"Get All Providers",1
2025-08-19T12:09:17.329443Z,"Get Patient Conditions",13
2025-08-19T12:09:17.361771Z,"Get Allergies of Patient",0
2025-08-19T12:09:17.391525Z,"Get Drug Allergens",116
2025-08-19T12:09:17.409355Z,"Get Environment Allergens",91
2025-08-19T12:09:17.417330Z,"Get Food Allergens",28
2025-08-19T12:09:17.426311Z,"Get Allergic Reactions Allergens",44
2025-08-19T12:09:17.706754Z,"Get locations",40
2025-08-19T12:09:17.979036Z,"Select Location",1
2025-08-19T12:09:17.984167Z,"Get Address Template",1
2025-08-19T12:09:17.991541Z,"Get Relationship Types",5
2025-08-19T12:09:18.009424Z,"Get Appointments for Specific Date",2
2025-08-19T12:09:18.013178Z,"Get Module Information",1
2025-08-19T12:09:18.018602Z,"Get Patient Identifier Types",0
2025-08-19T12:09:18.024598Z,"Get Primary Identifier Term Mapping",1
2025-08-19T12:09:18.028451Z,"Get Identifier Source",1
2025-08-19T12:09:18.032228Z,"Get Locations by Tag and Query",0
2025-08-19T12:09:18.040435Z,"Get Visits",2
2025-08-19T12:09:18.046172Z,"Get Auto Generation Options",2
2025-08-19T12:09:18.049659Z,"Get Identifier Source",0
2025-08-19T12:09:18.059460Z,"Get Queue Entry",0
2025-08-19T12:09:18.459864Z,"Edit patient details",1
2025-08-19T12:09:18.467368Z,"Login",1
2025-08-19T12:09:18.529653Z,"Get Visit Types",1
2025-08-19T12:09:18.535678Z,"Get Locations That Support Visits",2
2025-08-19T12:09:18.551235Z,"Get Program Enrollments of Patient",4
2025-08-19T12:09:18.558011Z,"Get Locations by Tag and Query",10
2025-08-19T12:09:18.561620Z,"Get Appointments of a Patient",0
2025-08-19T12:09:18.571680Z,"Submit Visit Form",1
2025-08-19T12:09:18.575796Z,"Get Beds for Patient",0
2025-08-19T12:09:18.597858Z,"Save Ward Encounter",1
2025-08-19T12:09:18.942777Z,"Get Visit Types",1
2025-08-19T12:09:18.956940Z,"Get Locations That Support Visits",2
2025-08-19T12:09:18.970616Z,"Get Program Enrollments of Patient",0
2025-08-19T12:09:18.981740Z,"Get Locations by Tag and Query",10
2025-08-19T12:09:18.988112Z,"Get Appointments of a Patient",0
2025-08-19T12:09:19.003735Z,"Submit Visit Form",1
2025-08-19T12:09:19.009584Z,"Get patient identification photo",0
2025-08-19T12:09:19.013612Z,"Get Primary Identifier Term Mapping",0
2025-08-19T12:09:19.019397Z,"Get Patient Summary Data",1
2025-08-19T12:09:19.026098Z,"Get Active Visits of Patient",0
2025-08-19T12:09:19.032744Z,"Get Queue Entry",0
2025-08-19T12:09:19.036184Z,"Get the status of patient death",0
2025-08-19T12:09:19.038131Z,"Get queue entry number",0
2025-08-19T12:09:19.061744Z,"Submit visit queue entry",7
2025-08-19T12:09:19.076210Z,"Get Queue Entry",8
2025-08-19T12:09:19.206115Z,"Check Appointment Conflicts",0
2025-08-19T12:09:19.223521Z,"Create Appointment",1
2025-08-19T12:09:19.505953Z,"Get locations",40
2025-08-19T12:09:20.345285Z,"Get Patient Summary Data",1
2025-08-19T12:09:20.350420Z,"Get all active Lab orders",1
2025-08-19T12:09:20.360264Z,"Get Lab Orders by full filler status",0
2025-08-19T12:09:20.379173Z,"Get Lab Orders by full filler status",2
2025-08-19T12:09:20.379974Z,"Get Order Entry Config",25
2025-08-19T12:09:20.384808Z,"Get Lab Orders by full filler status",0
2025-08-19T12:09:20.395439Z,"Get ValueSet by UUID",1
2025-08-19T12:09:20.406379Z,"Get ValueSet by UUID",1
2025-08-19T12:09:20.426822Z,"Get Medication Request by UUID",1
2025-08-19T12:09:20.429981Z,"Get Medication by UUID",0
2025-08-19T12:09:20.434066Z,"Get All Providers",0
2025-08-19T12:09:20.438631Z,"Search Medication by Code",4
2025-08-19T12:09:20.457796Z,"Get Specific Medication Requests",3
2025-08-19T12:09:20.461585Z,"Get patient identification photo",0
2025-08-19T12:09:20.464293Z,"Get Primary Identifier Term Mapping",0
2025-08-19T12:09:20.469328Z,"Get Active Visits of Patient",1
2025-08-19T12:09:20.473710Z,"Get Visit Queue Entry",0
2025-08-19T12:09:20.476015Z,"Get the status of patient death",0
2025-08-19T12:09:21.024110Z,"Select Location",1
2025-08-19T12:09:21.031230Z,"Get Address Template",1
2025-08-19T12:09:21.040089Z,"Get Relationship Types",5
2025-08-19T12:09:21.055618Z,"Get Appointments for Specific Date",2
2025-08-19T12:09:21.058051Z,"Get Module Information",1
2025-08-19T12:09:21.062007Z,"Get Patient Identifier Types",0
2025-08-19T12:09:21.063136Z,"Get Address Template",0
2025-08-19T12:09:21.066050Z,"Get Primary Identifier Term Mapping",1
2025-08-19T12:09:21.066943Z,"Get Patient Identifier Types",0
2025-08-19T12:09:21.070170Z,"Get Identifier Source",1
2025-08-19T12:09:21.070444Z,"Get Primary Identifier Term Mapping",0
2025-08-19T12:09:21.073653Z,"Get Relationship Types",0
2025-08-19T12:09:21.074498Z,"Get Locations by Tag and Query",0
2025-08-19T12:09:21.075720Z,"Get Module Information",0
2025-08-19T12:09:21.078753Z,"Get Person Attribute Type",0
2025-08-19T12:09:21.103408Z,"Get Visits",3
2025-08-19T12:09:21.103449Z,"Get Auto Generation Options",0
2025-08-19T12:09:21.105237Z,"Get Ordered Address Hierarchy Levels",0
2025-08-19T12:09:21.108123Z,"Get Identifier Source",0
2025-08-19T12:09:21.109152Z,"Get Auto Generation Options",2
2025-08-19T12:09:21.111858Z,"Get Identifier Source",0
2025-08-19T12:09:21.123727Z,"Get Queue Entry",8
2025-08-19T12:09:21.475721Z,"Select Location",1
2025-08-19T12:09:21.480995Z,"Get Address Template",1
2025-08-19T12:09:21.488816Z,"Get Relationship Types",5
2025-08-19T12:09:21.505262Z,"Get Appointments for Specific Date",2
2025-08-19T12:09:21.508404Z,"Get Module Information",1
2025-08-19T12:09:21.513271Z,"Get Patient Identifier Types",0
2025-08-19T12:09:21.517433Z,"Get Primary Identifier Term Mapping",1
2025-08-19T12:09:21.521434Z,"Get Identifier Source",1
2025-08-19T12:09:21.525298Z,"Get Locations by Tag and Query",0
2025-08-19T12:09:21.533908Z,"Get Visits",3
2025-08-19T12:09:21.539110Z,"Get Auto Generation Options",2
2025-08-19T12:09:21.542128Z,"Get Identifier Source",0
2025-08-19T12:09:21.553860Z,"Get Queue Entry",8
2025-08-19T12:09:22.031746Z,"Get Observation Tree Details",5
2025-08-19T12:09:22.078146Z,"Get Observation Tree Details",10
2025-08-19T12:09:22.080222Z,"Get service concept set",0
2025-08-19T12:09:22.082229Z,"Get Observation Tree Details",0
2025-08-19T12:09:22.084841Z,"Get Concept",7
2025-08-19T12:09:22.092698Z,"Submit new Service queue",2
2025-08-19T12:09:22.098098Z,"Get Lab Results of Patient",43
2025-08-19T12:09:22.107141Z,"Get Concept",0
2025-08-19T12:09:22.112074Z,"Get Concept",0
2025-08-19T12:09:22.117017Z,"Get Concept",0
2025-08-19T12:09:22.122996Z,"Get Concept",0
2025-08-19T12:09:22.127182Z,"Get Concept",0
2025-08-19T12:09:22.132859Z,"Get Concept",0
2025-08-19T12:09:22.138067Z,"Get Concept",0
2025-08-19T12:09:22.142573Z,"Get Concept",0
2025-08-19T12:09:22.147037Z,"Get Concept",0
2025-08-19T12:09:22.151053Z,"Get Concept",0
2025-08-19T12:09:22.155770Z,"Get Concept",0
2025-08-19T12:09:22.159744Z,"Get Concept",0
2025-08-19T12:09:22.164547Z,"Get Concept",0
2025-08-19T12:09:22.169594Z,"Get Concept",0
2025-08-19T12:09:22.174583Z,"Get Concept",0
2025-08-19T12:09:22.179969Z,"Get Concept",0
2025-08-19T12:09:22.187400Z,"Get Concept",0
2025-08-19T12:09:22.195783Z,"Get Concept",0
2025-08-19T12:09:22.203119Z,"Get Concept",0
2025-08-19T12:09:22.209645Z,"Get Concept",0
2025-08-19T12:09:22.217259Z,"Get Concept",0
2025-08-19T12:09:22.225511Z,"Get Concept",0
2025-08-19T12:09:22.233499Z,"Get Concept",0
2025-08-19T12:09:22.239677Z,"Get Concept",0
2025-08-19T12:09:22.246554Z,"Get Concept",0
2025-08-19T12:09:22.252629Z,"Get Concept",0
2025-08-19T12:09:22.456431Z,"Save an Allergy",1
2025-08-19T12:09:22.466627Z,"Login",1
2025-08-19T12:09:22.716298Z,"Select Location",1
2025-08-19T12:09:22.720947Z,"Get Address Template",1
2025-08-19T12:09:22.727744Z,"Get Relationship Types",5
2025-08-19T12:09:22.732857Z,"Get Immunizations of Patient",0
2025-08-19T12:09:22.740197Z,"Get Appointments for Specific Date",2
2025-08-19T12:09:22.740280Z,"Get Active Visits of Patient",0
2025-08-19T12:09:22.742171Z,"Get Module Information",1
2025-08-19T12:09:22.745507Z,"Get Patient Identifier Types",0
2025-08-19T12:09:22.746607Z,"Get Specific Visit Details",0
2025-08-19T12:09:22.748354Z,"Get Primary Identifier Term Mapping",1
2025-08-19T12:09:22.751283Z,"Get Identifier Source",1
2025-08-19T12:09:22.754495Z,"Get Locations by Tag and Query",0
2025-08-19T12:09:22.762411Z,"Get Visits",3
2025-08-19T12:09:22.767220Z,"Get Auto Generation Options",2
2025-08-19T12:09:22.770143Z,"Get Identifier Source",0
2025-08-19T12:09:22.780673Z,"Get Queue Entry",8
2025-08-19T12:09:23.503734Z,"Get locations",40
2025-08-19T12:09:23.621273Z,"Get Active Visits of Patient",1
2025-08-19T12:09:23.627584Z,"Get isVisitsEnabled",0
2025-08-19T12:09:23.634437Z,"Get all the constraints on the vital concepts",2
2025-08-19T12:09:23.691649Z,"Get Patient Observations",169
2025-08-19T12:09:23.738897Z,"Get Vitals concept reference ranges",2
2025-08-19T12:09:23.745379Z,"Get Specific Visit Details",1
2025-08-19T12:09:23.777904Z,"Get Transfer Locations configuration data",9
2025-08-19T12:09:23.799874Z,"Get Transferable locations",4
2025-08-19T12:09:23.824646Z,"Save Ward Encounter",2
2025-08-19T12:09:24.142301Z,"Get all patient lists",1
2025-08-19T12:09:24.149021Z,"Get all patient lists",0
2025-08-19T12:09:24.157026Z,"Get all patient lists",1
2025-08-19T12:09:24.232147Z,"Get Visit Types",1
2025-08-19T12:09:24.240912Z,"Get Locations That Support Visits",2
2025-08-19T12:09:24.246922Z,"Get Program Enrollments of Patient",0
2025-08-19T12:09:24.254632Z,"Get Locations by Tag and Query",10
2025-08-19T12:09:24.263035Z,"Get Appointments of a Patient",1
2025-08-19T12:09:24.273466Z,"Get Visits",3
2025-08-19T12:09:24.283550Z,"Submit Visit Form",1
2025-08-19T12:09:24.292399Z,"Submit Appointment StatusChange",1
2025-08-19T12:09:24.519380Z,"Select Location",1
2025-08-19T12:09:24.525433Z,"Get Address Template",1
2025-08-19T12:09:24.533964Z,"Get Relationship Types",5
2025-08-19T12:09:24.553538Z,"Get Appointments for Specific Date",2
2025-08-19T12:09:24.557533Z,"Get Module Information",1
2025-08-19T12:09:24.558202Z,"Get Visit Types",1
2025-08-19T12:09:24.563157Z,"Get Patient Identifier Types",0
2025-08-19T12:09:24.567053Z,"Get Primary Identifier Term Mapping",1
2025-08-19T12:09:24.571177Z,"Get Identifier Source",1
2025-08-19T12:09:24.575457Z,"Get Locations by Tag and Query",0
2025-08-19T12:09:24.586681Z,"Get Visits",4
2025-08-19T12:09:24.593411Z,"Get Auto Generation Options",2
2025-08-19T12:09:24.597001Z,"Get Identifier Source",0
2025-08-19T12:09:24.609731Z,"Get Queue Entry",8
2025-08-19T12:09:24.615498Z,"Get Patient Summary Data",1
2025-08-19T12:09:24.619821Z,"Get Active Visits of Patient",0
2025-08-19T12:09:24.622839Z,"Get Primary Identifier Term Mapping",0
2025-08-19T12:09:24.625283Z,"Get isVisitsEnabled",0
2025-08-19T12:09:24.628773Z,"Get the status of patient death",0
2025-08-19T12:09:24.632453Z,"Get all the constraints on the vital concepts",2
2025-08-19T12:09:24.689552Z,"Get Patient Observations",157
2025-08-19T12:09:24.738253Z,"Get Patient Observations",126
2025-08-19T12:09:24.757787Z,"Get Patient Observations",31
2025-08-19T12:09:24.763810Z,"Get Visit Queue Entry",0
2025-08-19T12:09:24.800027Z,"Get Patient Conditions",23
2025-08-19T12:09:24.805683Z,"Get Active Orders",0
2025-08-19T12:09:24.824478Z,"Get Current Visit of Patient",881
2025-08-19T12:09:24.892929Z,"Get Visits of Patient",95
2025-08-19T12:09:24.896158Z,"Get Program Enrollments of Patient",0
2025-08-19T12:09:24.900848Z,"Get Visit Queue Entry",0
2025-08-19T12:09:24.903138Z,"Get Appointments of a Patient",0
2025-08-19T12:09:25.145416Z,"Submit transition request",1
2025-08-19T12:09:25.200494Z,"Get Queue Entry",18
2025-08-19T12:09:25.221900Z,"End Visit",1
2025-08-19T12:09:25.317995Z,"Get Current Visit of Patient",428
2025-08-19T12:09:25.365409Z,"Get Visits of Patient",90
2025-08-19T12:09:25.371608Z,"Login",1
2025-08-19T12:09:25.393073Z,"Update full filler status",0
2025-08-19T12:09:25.399452Z,"Get all active Lab orders",1
2025-08-19T12:09:25.405653Z,"Get Lab Orders by full filler status",1
2025-08-19T12:09:25.414556Z,"Get Lab Orders by full filler status",2
2025-08-19T12:09:25.417538Z,"Get Lab Orders by full filler status",0
2025-08-19T12:09:25.509955Z,"Dispense medication form submission",1
2025-08-19T12:09:25.551057Z,"Get medication request encounters",5
2025-08-19T12:09:25.573213Z,"Get Medication Request by UUID",0
2025-08-19T12:09:25.611441Z,"Get Specific Medication Requests",5
2025-08-19T12:09:26.408513Z,"Get locations",40
2025-08-19T12:09:27.186724Z,"Create a patient list",1
2025-08-19T12:09:27.200059Z,"Get all patient lists",2
2025-08-19T12:09:27.771408Z,"Get Active Visits of Patient",0
2025-08-19T12:09:27.783320Z,"Get Specific Visit Details",0
2025-08-19T12:09:27.788580Z,"Get Immunizations of Patient",0
2025-08-19T12:09:27.791240Z,"Get Patient Summary Data",1
2025-08-19T12:09:27.796396Z,"Get Active Visits of Patient",0
2025-08-19T12:09:27.798840Z,"Get all immunizations",2
2025-08-19T12:09:27.800152Z,"Get Primary Identifier Term Mapping",0
2025-08-19T12:09:27.802626Z,"Get isVisitsEnabled",0
2025-08-19T12:09:27.805871Z,"Get the status of patient death",0
2025-08-19T12:09:27.809331Z,"Get all the constraints on the vital concepts",2
2025-08-19T12:09:27.842986Z,"Get Patient Observations",105
2025-08-19T12:09:27.870554Z,"Get Patient Observations",84
2025-08-19T12:09:27.883966Z,"Get Patient Observations",20
2025-08-19T12:09:27.890308Z,"Get Visit Queue Entry",0
2025-08-19T12:09:27.917776Z,"Get Patient Conditions",23
2025-08-19T12:09:27.923200Z,"Get Active Orders",0
2025-08-19T12:09:28.517518Z,"Select Location",1
2025-08-19T12:09:28.523008Z,"Get Address Template",1
2025-08-19T12:09:28.531823Z,"Get Relationship Types",5
2025-08-19T12:09:28.547605Z,"Get Appointments for Specific Date",2
2025-08-19T12:09:28.550744Z,"Get Module Information",1
2025-08-19T12:09:28.554905Z,"Get Patient Identifier Types",0
2025-08-19T12:09:28.558357Z,"Get Primary Identifier Term Mapping",1
2025-08-19T12:09:28.561920Z,"Get Identifier Source",1
2025-08-19T12:09:28.565589Z,"Get Locations by Tag and Query",0
2025-08-19T12:09:28.574833Z,"Get Visits",3
2025-08-19T12:09:28.580154Z,"Get Auto Generation Options",2
2025-08-19T12:09:28.583102Z,"Get Identifier Source",0
2025-08-19T12:09:28.587183Z,"Get Queue Entry",0
2025-08-19T12:09:28.592214Z,"Get Patient Summary Data",1
2025-08-19T12:09:28.595997Z,"Get Active Visits of Patient",0
2025-08-19T12:09:28.598811Z,"Get Primary Identifier Term Mapping",0
2025-08-19T12:09:28.600750Z,"Get isVisitsEnabled",0
2025-08-19T12:09:28.603361Z,"Get the status of patient death",0
2025-08-19T12:09:28.606324Z,"Get all the constraints on the vital concepts",2
2025-08-19T12:09:28.617227Z,"Get Patient Summary Data",0
2025-08-19T12:09:28.630432Z,"Get ValueSet by UUID",2
2025-08-19T12:09:28.635223Z,"Get patient identification photo",0
2025-08-19T12:09:28.639988Z,"Get Primary Identifier Term Mapping",0
2025-08-19T12:09:28.646233Z,"Get Patient Observations",105
2025-08-19T12:09:28.648943Z,"Get Active Visits of Patient",0
2025-08-19T12:09:28.652178Z,"Get the status of patient death",0
2025-08-19T12:09:28.675416Z,"Get Patient Observations",85
2025-08-19T12:09:28.686687Z,"Get Patient Observations",20
2025-08-19T12:09:28.691282Z,"Get Visit Queue Entry",0
2025-08-19T12:09:28.717261Z,"Get Patient Conditions",26
2025-08-19T12:09:28.721983Z,"Get Active Orders",0
2025-08-19T12:09:28.835850Z,"Get Active Visits of Patient",2
2025-08-19T12:09:28.838510Z,"Get isVisitsEnabled",0
2025-08-19T12:09:28.841983Z,"Get all the constraints on the vital concepts",0
2025-08-19T12:09:28.896278Z,"Get Patient Observations",169
2025-08-19T12:09:28.944022Z,"Get Vitals concept reference ranges",0
2025-08-19T12:09:28.950697Z,"Get Specific Visit Details",2
2025-08-19T12:09:29.815908Z,"Get Address Template",0
2025-08-19T12:09:29.827810Z,"Get Patient Identifier Types",0
2025-08-19T12:09:29.835550Z,"Get Primary Identifier Term Mapping",0
2025-08-19T12:09:29.840896Z,"Get Relationship Types",0
2025-08-19T12:09:29.843862Z,"Get Module Information",0
2025-08-19T12:09:29.847496Z,"Get Person Attribute Type",0
2025-08-19T12:09:29.855425Z,"Get Auto Generation Options",0
2025-08-19T12:09:29.857358Z,"Get Ordered Address Hierarchy Levels",0
2025-08-19T12:09:29.861676Z,"Get Identifier Source",0
2025-08-19T12:09:29.865681Z,"Get the status of patient death",0
2025-08-19T12:09:29.869690Z,"Get patient identification photo",0
2025-08-19T12:09:29.874433Z,"Get Patient Summary Data",0
2025-08-19T12:09:29.877509Z,"Get Person Attributes",0
2025-08-19T12:09:29.881081Z,"Get Patient Identifiers",0
2025-08-19T12:09:29.884912Z,"Get Relationships of Person",0
2025-08-19T12:09:29.914440Z,"Submit Visit Form",1
2025-08-19T12:09:30.105992Z,"Get Current Visit of Patient",883
2025-08-19T12:09:30.164465Z,"Get Visits of Patient",99
2025-08-19T12:09:30.206503Z,"Get patient list details",0
2025-08-19T12:09:30.209592Z,"Fetch members of patient list",0
2025-08-19T12:09:30.436997Z,"Get specific encounter details",0
2025-08-19T12:09:30.444256Z,"Get Alkaline concept details",1
2025-08-19T12:09:30.473321Z,"Update the specific encounter",1
2025-08-19T12:09:30.487342Z,"Update the Lab Order Completion",2
2025-08-19T12:09:30.493566Z,"Update full filler status",0
2025-08-19T12:09:30.496492Z,"Get all active Lab orders",0
2025-08-19T12:09:30.499101Z,"Get Lab Orders by full filler status",0
2025-08-19T12:09:30.510238Z,"Get Lab Orders by full filler status",4
2025-08-19T12:09:30.513124Z,"Get Lab Orders by full filler status",0
2025-08-19T12:09:31.133510Z,"Generate OMRS Identifier",0
2025-08-19T12:09:31.198252Z,"Send Patient Registration Request",1
2025-08-19T12:09:31.419597Z,"Select Location",1
2025-08-19T12:09:31.425161Z,"Get Address Template",1
2025-08-19T12:09:31.434299Z,"Get Relationship Types",5
2025-08-19T12:09:31.466344Z,"Get Appointments for Specific Date",2
2025-08-19T12:09:31.472078Z,"Get Module Information",1
2025-08-19T12:09:31.481698Z,"Get Patient Identifier Types",0
2025-08-19T12:09:31.490570Z,"Get Primary Identifier Term Mapping",1
2025-08-19T12:09:31.500058Z,"Get Identifier Source",1
2025-08-19T12:09:31.511524Z,"Get Locations by Tag and Query",0
2025-08-19T12:09:31.545860Z,"Get Visits",4
2025-08-19T12:09:31.567167Z,"Get Auto Generation Options",2
2025-08-19T12:09:31.575558Z,"Get Identifier Source",0
2025-08-19T12:09:31.586641Z,"Get Queue Entry",0
2025-08-19T12:09:31.696724Z,"Close medication",1
2025-08-19T12:09:31.831549Z,"Get medication request encounters",7
2025-08-19T12:09:31.882807Z,"Get Medication Request by UUID",0
2025-08-19T12:09:31.964337Z,"Get Specific Medication Requests",7
2025-08-19T12:09:31.993028Z,"Discontinue the drug order",3
2025-08-19T12:09:32.011143Z,"Get Transfer Locations configuration data",0
2025-08-19T12:09:32.017049Z,"End Visit",1
2025-08-19T12:09:32.041511Z,"Get Transferable locations",4
2025-08-19T12:09:32.124832Z,"Save Ward Encounter",2
2025-08-19T12:09:32.273587Z,"Get Patient Conditions",13
2025-08-19T12:09:32.397548Z,"Get Current Visit of Patient",792
2025-08-19T12:09:32.476222Z,"Get Visits of Patient",132
2025-08-19T12:09:32.868817Z,"Submit Patient immunization",1
2025-08-19T12:09:32.871355Z,"Get Immunizations of Patient",0
2025-08-19T12:09:32.929274Z,"Get Visit Types",1
2025-08-19T12:09:33.145940Z,"Get Current Visit of Patient",877
2025-08-19T12:09:33.169034Z,"Get Order Types",0
2025-08-19T12:09:33.173508Z,"Get Active Orders",0
2025-08-19T12:09:33.205277Z,"Get Patient Summary Data",1
2025-08-19T12:09:33.209200Z,"Get Active Visits of Patient",0
2025-08-19T12:09:33.212092Z,"Get Primary Identifier Term Mapping",0
2025-08-19T12:09:33.214434Z,"Get isVisitsEnabled",0
2025-08-19T12:09:33.217288Z,"Get the status of patient death",0
2025-08-19T12:09:33.220437Z,"Get all the constraints on the vital concepts",2
2025-08-19T12:09:33.222480Z,"Get Patient Observations",0
2025-08-19T12:09:33.224207Z,"Get Patient Observations",0
2025-08-19T12:09:33.225755Z,"Get Patient Observations",0
2025-08-19T12:09:33.231152Z,"Get Visit Queue Entry",0
2025-08-19T12:09:33.233326Z,"Get Patient Conditions",0
2025-08-19T12:09:33.237497Z,"Get Visits of Patient",159
2025-08-19T12:09:33.239420Z,"Get Active Orders",0
2025-08-19T12:09:33.241666Z,"Get Program Enrollments of Patient",0
2025-08-19T12:09:33.246713Z,"Get Visit Queue Entry",0
2025-08-19T12:09:33.249297Z,"Get Appointments of a Patient",0
2025-08-19T12:09:33.778773Z,"Get Patient Observations",85
2025-08-19T12:09:33.794423Z,"Get Patient Observations",20
2025-08-19T12:09:34.336811Z,"End Visit",1
2025-08-19T12:09:34.341251Z,"Get Visit Types",0
2025-08-19T12:09:34.347931Z,"Get Locations That Support Visits",0
2025-08-19T12:09:34.359130Z,"Submit Appointment StatusChange",1
2025-08-19T12:09:34.362425Z,"Get All Appointment Services(full)",0
2025-08-19T12:09:34.370554Z,"Get all appointments for a specific day",2
2025-08-19T12:09:34.380133Z,"Get all appointment summaries",1
2025-08-19T12:09:34.391040Z,"Get Appointment By Status",4
2025-08-19T12:09:34.393835Z,"Get Appointment By Status",0
2025-08-19T12:09:34.396385Z,"Get Appointment By Status",0
2025-08-19T12:09:34.399094Z,"Get Appointment By Status",0
2025-08-19T12:09:34.401386Z,"Get all default appointment services",0
2025-08-19T12:09:34.414964Z,"Get all visits of the given location with date",8
2025-08-19T12:09:34.619549Z,"Get Patients",8
2025-08-19T12:09:34.625117Z,"Get Active Visits of Patient",0
2025-08-19T12:09:34.630778Z,"Get patient identification photo",0
2025-08-19T12:09:34.634794Z,"Get the status of patient death",0
2025-08-19T12:09:34.639355Z,"Get Active Visits of Patient",0
2025-08-19T12:09:34.643800Z,"Get patient identification photo",0
2025-08-19T12:09:34.647238Z,"Get the status of patient death",0
2025-08-19T12:09:34.652759Z,"Get Active Visits of Patient",0
2025-08-19T12:09:34.657193Z,"Get patient identification photo",0
2025-08-19T12:09:34.660390Z,"Get the status of patient death",0
2025-08-19T12:09:34.925255Z,"Edit patient details",1
2025-08-19T12:09:35.161246Z,"Get locations",40
2025-08-19T12:09:35.167044Z,"Get Locations Search Set",1
2025-08-19T12:09:35.171725Z,"Change the session location",1
2025-08-19T12:09:35.176870Z,"Get Admission Location Info",1
2025-08-19T12:09:35.192295Z,"Get Admission Info",0
2025-08-19T12:09:35.216010Z,"Get Inpatient Request",40
2025-08-19T12:09:35.562421Z,"End Visit",1
2025-08-19T12:09:35.881777Z,"Get Current Visit of Patient",2240
2025-08-19T12:09:35.976479Z,"Get Visits of Patient",185
2025-08-19T12:09:37.306675Z,"Get Patient Conditions",13
2025-08-19T12:09:37.671278Z,"Get Visit Types",1
2025-08-19T12:09:37.686102Z,"Get Locations That Support Visits",2
2025-08-19T12:09:37.697237Z,"Get Program Enrollments of Patient",0
2025-08-19T12:09:37.706724Z,"Get Locations by Tag and Query",10
2025-08-19T12:09:37.709805Z,"Get Appointments of a Patient",0
2025-08-19T12:09:37.721286Z,"Submit Visit Form",1
2025-08-19T12:09:37.725766Z,"Get patient identification photo",0
2025-08-19T12:09:37.728358Z,"Get Primary Identifier Term Mapping",0
2025-08-19T12:09:37.732752Z,"Get Patient Summary Data",1
2025-08-19T12:09:37.738800Z,"Get Active Visits of Patient",0
2025-08-19T12:09:37.743847Z,"Get Queue Entry",0
2025-08-19T12:09:37.746807Z,"Get the status of patient death",0
2025-08-19T12:09:37.747904Z,"Get queue entry number",0
2025-08-19T12:09:37.764320Z,"Submit visit queue entry",7
2025-08-19T12:09:37.775024Z,"Get Queue Entry",8
2025-08-19T12:09:37.883349Z,"Get Attachments of Patient",0
2025-08-19T12:09:37.886613Z,"Get Allowed File Extensions",0
2025-08-19T12:09:38.198035Z,"Get Active Visits of Patient",0
2025-08-19T12:09:38.203674Z,"Search for Drug",0
2025-08-19T12:09:38.208527Z,"Search for Drug",0
2025-08-19T12:09:38.223323Z,"Get Primary Identifier Term Mapping",0
2025-08-19T12:09:38.230157Z,"Get patient admission note",0
2025-08-19T12:09:38.234376Z,"Get Beds for Patient",0
2025-08-19T12:09:38.247938Z,"Save Ward Encounter",1
2025-08-19T12:09:38.254567Z,"Save Drug Order",1
2025-08-19T12:09:38.260861Z,"Submit Visit Form",1
2025-08-19T12:09:38.428037Z,"Get Current Visit of Patient",752
2025-08-19T12:09:38.496437Z,"Get Visits of Patient",138
2025-08-19T12:09:38.878492Z,"Save Vitals",3
2025-08-19T12:09:39.333402Z,"Search for Condition",0
2025-08-19T12:09:40.353733Z,"Search for Condition",0
2025-08-19T12:09:40.782887Z,"Get service concept set",0
2025-08-19T12:09:40.792697Z,"Get Concept",7
2025-08-19T12:09:40.805123Z,"Submit new Service queue",2
2025-08-19T12:09:41.372875Z,"Save Conditions",1
2025-08-19T12:09:42.910144Z,"Get Programs",11
2025-08-19T12:09:42.919053Z,"Get Program Enrollments of Patient",0
2025-08-19T12:09:43.269449Z,"Get Locations by Tag and Query",10
2025-08-19T12:09:43.281652Z,"Save Ward Encounter",1
2025-08-19T12:09:43.330097Z,"Get medication request encounters",3
2025-08-19T12:09:43.333910Z,"Get patient age",0
2025-08-19T12:09:43.337333Z,"Get patient age",0
2025-08-19T12:09:43.344803Z,"End Visit",2
2025-08-19T12:09:43.509602Z,"Get Active Visits of Patient",0
2025-08-19T12:09:43.518714Z,"Get Specific Visit Details",0
2025-08-19T12:09:43.523737Z,"Get the details of a orderType",0
2025-08-19T12:09:43.536783Z,"Get all Lab order details",28
2025-08-19T12:09:43.539108Z,"Get Module Information",0
2025-08-19T12:09:43.556617Z,"Add a lab order",1
2025-08-19T12:09:43.860794Z,"Submit transition request",1
2025-08-19T12:09:43.881480Z,"Get Queue Entry",18
2025-08-19T12:09:43.881722Z,"Get Allergies of Patient",0
2025-08-19T12:09:43.904863Z,"End Visit",1
2025-08-19T12:09:43.913501Z,"Get Drug Allergens",116
2025-08-19T12:09:43.942256Z,"Get Environment Allergens",91
2025-08-19T12:09:43.959233Z,"Get Food Allergens",28
2025-08-19T12:09:43.977349Z,"Get Allergic Reactions Allergens",44
2025-08-19T12:09:44.091414Z,"Get Current Visit of Patient",440
2025-08-19T12:09:44.147809Z,"Get Visits of Patient",79
2025-08-19T12:09:46.361919Z,"Get Patient Allergy Intolerance",0
2025-08-19T12:09:46.403696Z,"Get Specific Medication Requests",3
2025-08-19T12:09:46.412667Z,"Get Encounter With Visit and Diagnoses",0
2025-08-19T12:09:46.418127Z,"Get All Providers",1
2025-08-19T12:09:46.435193Z,"Get Patient Conditions",12
2025-08-19T12:09:47.932674Z,"Get Program Enrollments of Patient",0
2025-08-19T12:09:47.946764Z,"Get Programs",0
2025-08-19T12:09:47.964291Z,"Get locations",40
2025-08-19T12:09:47.971862Z,"Get Locations by Tag and Query",10
2025-08-19T12:09:48.000821Z,"Add new program to patient",2
2025-08-19T12:09:48.579133Z,"Get all active Lab orders",1
2025-08-19T12:09:48.583933Z,"Get Lab Orders by full filler status",0
2025-08-19T12:09:48.599022Z,"Get Lab Orders by full filler status",4
2025-08-19T12:09:48.603346Z,"Get Lab Orders by full filler status",0
2025-08-19T12:09:49.002832Z,"Save an Allergy",1
2025-08-19T12:09:49.456041Z,"Get Patient Summary Data",1
2025-08-19T12:09:49.482447Z,"Get Order Entry Config",25
2025-08-19T12:09:49.495228Z,"Get ValueSet by UUID",1
2025-08-19T12:09:49.504236Z,"Get ValueSet by UUID",1
2025-08-19T12:09:49.522288Z,"Get Medication Request by UUID",1
2025-08-19T12:09:49.525516Z,"Get Medication by UUID",0
2025-08-19T12:09:49.529486Z,"Get All Providers",0
2025-08-19T12:09:49.534310Z,"Search Medication by Code",4
2025-08-19T12:09:49.555556Z,"Get Specific Medication Requests",3
2025-08-19T12:09:49.560360Z,"Get patient identification photo",0
2025-08-19T12:09:49.564249Z,"Get Primary Identifier Term Mapping",0
2025-08-19T12:09:49.570454Z,"Get Active Visits of Patient",1
2025-08-19T12:09:49.576315Z,"Get Visit Queue Entry",0
2025-08-19T12:09:49.579155Z,"Get the status of patient death",0
2025-08-19T12:09:50.042845Z,"Complete the program",2
2025-08-19T12:09:50.053039Z,"Get Program Enrollments of Patient",4
2025-08-19T12:09:51.385241Z,"Get Immunizations of Patient",0
2025-08-19T12:09:51.404254Z,"Get Active Visits of Patient",0
2025-08-19T12:09:51.415183Z,"Get Specific Visit Details",0
2025-08-19T12:09:53.630143Z,"Update full filler status",0
2025-08-19T12:09:53.646322Z,"Get all active Lab orders",1
2025-08-19T12:09:53.658195Z,"Get Lab Orders by full filler status",1
2025-08-19T12:09:53.673506Z,"Get Lab Orders by full filler status",4
2025-08-19T12:09:53.676965Z,"Get Lab Orders by full filler status",0
2025-08-19T12:09:54.640527Z,"Dispense medication form submission",1
2025-08-19T12:09:54.683784Z,"Get medication request encounters",5
2025-08-19T12:09:54.702756Z,"Get Medication Request by UUID",0
2025-08-19T12:09:54.747978Z,"Get Specific Medication Requests",5
2025-08-19T12:09:55.567476Z,"Upload Attachment Request",0
2025-08-19T12:09:55.577414Z,"Get Attachments of Patient",0
2025-08-19T12:09:56.440582Z,"Get Active Visits of Patient",0
2025-08-19T12:09:56.452188Z,"Get Specific Visit Details",0
2025-08-19T12:09:56.461405Z,"Get Immunizations of Patient",0
2025-08-19T12:09:56.480380Z,"Get all immunizations",2
2025-08-19T12:09:57.770267Z,"Get Patient Summary Data",0
2025-08-19T12:09:57.790813Z,"Get ValueSet by UUID",2
2025-08-19T12:09:57.798259Z,"Get patient identification photo",0
2025-08-19T12:09:57.802448Z,"Get Primary Identifier Term Mapping",0
2025-08-19T12:09:57.810058Z,"Get Active Visits of Patient",0
2025-08-19T12:09:57.814089Z,"Get the status of patient death",0
2025-08-19T12:09:58.698234Z,"Get specific encounter details",0
2025-08-19T12:09:58.704994Z,"Get Alkaline concept details",1
2025-08-19T12:09:58.728631Z,"Update the specific encounter",1
2025-08-19T12:09:58.743574Z,"Update the Lab Order Completion",2
2025-08-19T12:09:58.751247Z,"Update full filler status",0
2025-08-19T12:09:58.755132Z,"Get all active Lab orders",0
2025-08-19T12:09:58.758216Z,"Get Lab Orders by full filler status",0
2025-08-19T12:09:58.774280Z,"Get Lab Orders by full filler status",5
2025-08-19T12:09:58.778464Z,"Get Lab Orders by full filler status",0
2025-08-19T12:10:00.592177Z,"Get Appointments of a Patient",0
2025-08-19T12:10:00.845997Z,"Close medication",1
2025-08-19T12:10:00.892026Z,"Get medication request encounters",6
2025-08-19T12:10:00.910583Z,"Get Medication Request by UUID",0
2025-08-19T12:10:00.949597Z,"Get Specific Medication Requests",7
2025-08-19T12:10:00.970933Z,"Discontinue the drug order",3
2025-08-19T12:10:00.996383Z,"End Visit",1
2025-08-19T12:10:01.197598Z,"Get Current Visit of Patient",902
2025-08-19T12:10:01.269531Z,"Get Visits of Patient",117
2025-08-19T12:10:01.537579Z,"Submit Patient immunization",1
2025-08-19T12:10:01.540468Z,"Get Immunizations of Patient",0
2025-08-19T12:10:03.835584Z,"End Visit",1
2025-08-19T12:10:04.008161Z,"Get Current Visit of Patient",773
2025-08-19T12:10:04.083461Z,"Get Visits of Patient",145
2025-08-19T12:10:05.622225Z,"Save Visit Note",1
2025-08-19T12:10:05.631877Z,"Save Patient Diagnosis",1
2025-08-19T12:10:05.640495Z,"Save Patient Diagnosis",1
2025-08-19T12:10:06.566056Z,"Get Attachments of Patient",0
2025-08-19T12:10:06.571689Z,"Get Allowed File Extensions",0
2025-08-19T12:10:11.595201Z,"Get Programs",11
2025-08-19T12:10:11.601977Z,"Get Program Enrollments of Patient",0
2025-08-19T12:10:15.710422Z,"End Visit",1
2025-08-19T12:10:16.272886Z,"Get Current Visit of Patient",1648
2025-08-19T12:10:16.381064Z,"Get Visits of Patient",167
2025-08-19T12:10:16.616938Z,"Get Program Enrollments of Patient",0
2025-08-19T12:10:16.633422Z,"Get Programs",0
2025-08-19T12:10:16.660938Z,"Get locations",40
2025-08-19T12:10:16.671538Z,"Get Locations by Tag and Query",10
2025-08-19T12:10:16.682831Z,"Add new program to patient",2
2025-08-19T12:10:18.718422Z,"Complete the program",2
2025-08-19T12:10:18.731086Z,"Get Program Enrollments of Patient",4
2025-08-19T12:10:24.095083Z,"Upload Attachment Request",0
2025-08-19T12:10:24.101525Z,"Get Attachments of Patient",0
2025-08-19T12:10:29.124632Z,"Get Appointments of a Patient",1
2025-08-19T12:10:34.165998Z,"Save Visit Note",1
2025-08-19T12:10:34.178508Z,"Save Patient Diagnosis",1
2025-08-19T12:10:34.185815Z,"Save Patient Diagnosis",1
2025-08-19T12:10:44.228262Z,"End Visit",1
2025-08-19T12:10:44.576407Z,"Get Current Visit of Patient",1582
2025-08-19T12:10:44.636884Z,"Get Visits of Patient",92
